Workbook

Sheet Table VIII
A1: Table VIII: Conflicted CIOs and the Loglisci Shock, Peer- and Benchmark-Adjusted Returns
A2: Shock Period equals 1 for plan fiscal years ending between March 2009 and March 2014. The first row reports Conflicted CIO from the same regression without the Shock Period terms (the average effect of conflict over the whole sample). The next rows add Shock Period and Conflicted CIO x Shock Period: Conflicted CIO is then the effect of conflict outside the Shock Period, and the italic row is the effect within it (Conflicted CIO + Conflicted CIO x Shock Period). The control variables are those of Table VIII (the lagged return, Size, the lagged funding ratio, lagged allocations, Financial Center, lagged log CIO age and tenure, lagged sibling plans and the political-state indicator). Benchmark-Adjusted Return is the plan's return minus the updated policy benchmark (the benchmark return reported in the plan's financial report or, where none is stated, an inferred value graded A or B). The standard errors are double clustered by plan and year. Coefficients marked with ***, **, and * are significant at the 1%, 5%, and 10% level, respectively.
B4: Peer-Adjusted Return | E4: Benchmark-Adjusted Return
B5: Year FE | C5: Plan FE | D5: Plan and Year FE | E5: Year FE | F5: Plan FE | G5: Plan and Year FE
A6: Conflicted CIO, no Shock Period terms | B6: =IF(Estimates!I4="","",TEXT(Estimates!E4,"0.000")&IF(Estimates!I4<0.01,"***",IF(Estimates!I4<0.05,"**",IF(Estimates!I4<0.1,"*","")))) -> -0.573*** | C6: =IF(Estimates!I5="","",TEXT(Estimates!E5,"0.000")&IF(Estimates!I5<0.01,"***",IF(Estimates!I5<0.05,"**",IF(Estimates!I5<0.1,"*","")))) -> -0.687** | D6: =IF(Estimates!I6="","",TEXT(Estimates!E6,"0.000")&IF(Estimates!I6<0.01,"***",IF(Estimates!I6<0.05,"**",IF(Estimates!I6<0.1,"*","")))) -> -0.707** | E6: =IF(Estimates!I7="","",TEXT(Estimates!E7,"0.000")&IF(Estimates!I7<0.01,"***",IF(Estimates!I7<0.05,"**",IF(Estimates!I7<0.1,"*","")))) -> -0.408*** | F6: =IF(Estimates!I8="","",TEXT(Estimates!E8,"0.000")&IF(Estimates!I8<0.01,"***",IF(Estimates!I8<0.05,"**",IF(Estimates!I8<0.1,"*","")))) -> -0.253** | G6: =IF(Estimates!I9="","",TEXT(Estimates!E9,"0.000")&IF(Estimates!I9<0.01,"***",IF(Estimates!I9<0.05,"**",IF(Estimates!I9<0.1,"*","")))) -> -0.297*
B7: =IF(Estimates!H4="","","("&TEXT(Estimates!H4,"0.00")&")") -> (-3.41) | C7: =IF(Estimates!H5="","","("&TEXT(Estimates!H5,"0.00")&")") -> (-2.72) | D7: =IF(Estimates!H6="","","("&TEXT(Estimates!H6,"0.00")&")") -> (-2.79) | E7: =IF(Estimates!H7="","","("&TEXT(Estimates!H7,"0.00")&")") -> (-3.56) | F7: =IF(Estimates!H8="","","("&TEXT(Estimates!H8,"0.00")&")") -> (-2.12) | G7: =IF(Estimates!H9="","","("&TEXT(Estimates!H9,"0.00")&")") -> (-2.01)
A9: Conflicted CIO (outside Shock Period) | B9: =IF(Estimates!I10="","",TEXT(Estimates!E10,"0.000")&IF(Estimates!I10<0.01,"***",IF(Estimates!I10<0.05,"**",IF(Estimates!I10<0.1,"*","")))) -> -0.913*** | C9: =IF(Estimates!I11="","",TEXT(Estimates!E11,"0.000")&IF(Estimates!I11<0.01,"***",IF(Estimates!I11<0.05,"**",IF(Estimates!I11<0.1,"*","")))) -> -0.968*** | D9: =IF(Estimates!I12="","",TEXT(Estimates!E12,"0.000")&IF(Estimates!I12<0.01,"***",IF(Estimates!I12<0.05,"**",IF(Estimates!I12<0.1,"*","")))) -> -1.010*** | E9: =IF(Estimates!I13="","",TEXT(Estimates!E13,"0.000")&IF(Estimates!I13<0.01,"***",IF(Estimates!I13<0.05,"**",IF(Estimates!I13<0.1,"*","")))) -> -0.563*** | F9: =IF(Estimates!I14="","",TEXT(Estimates!E14,"0.000")&IF(Estimates!I14<0.01,"***",IF(Estimates!I14<0.05,"**",IF(Estimates!I14<0.1,"*","")))) -> -0.363* | G9: =IF(Estimates!I15="","",TEXT(Estimates!E15,"0.000")&IF(Estimates!I15<0.01,"***",IF(Estimates!I15<0.05,"**",IF(Estimates!I15<0.1,"*","")))) -> -0.407*
B10: =IF(Estimates!H10="","","("&TEXT(Estimates!H10,"0.00")&")") -> (-4.34) | C10: =IF(Estimates!H11="","","("&TEXT(Estimates!H11,"0.00")&")") -> (-3.10) | D10: =IF(Estimates!H12="","","("&TEXT(Estimates!H12,"0.00")&")") -> (-3.14) | E10: =IF(Estimates!H13="","","("&TEXT(Estimates!H13,"0.00")&")") -> (-3.13) | F10: =IF(Estimates!H14="","","("&TEXT(Estimates!H14,"0.00")&")") -> (-1.96) | G10: =IF(Estimates!H15="","","("&TEXT(Estimates!H15,"0.00")&")") -> (-1.92)
A11: Conflicted CIO x Shock Period | B11: =IF(Estimates!I16="","",TEXT(Estimates!E16,"0.000")&IF(Estimates!I16<0.01,"***",IF(Estimates!I16<0.05,"**",IF(Estimates!I16<0.1,"*","")))) -> 1.009** | C11: =IF(Estimates!I17="","",TEXT(Estimates!E17,"0.000")&IF(Estimates!I17<0.01,"***",IF(Estimates!I17<0.05,"**",IF(Estimates!I17<0.1,"*","")))) -> 0.891* | D11: =IF(Estimates!I18="","",TEXT(Estimates!E18,"0.000")&IF(Estimates!I18<0.01,"***",IF(Estimates!I18<0.05,"**",IF(Estimates!I18<0.1,"*","")))) -> 0.908* | E11: =IF(Estimates!I19="","",TEXT(Estimates!E19,"0.000")&IF(Estimates!I19<0.01,"***",IF(Estimates!I19<0.05,"**",IF(Estimates!I19<0.1,"*","")))) -> 0.425** | F11: =IF(Estimates!I20="","",TEXT(Estimates!E20,"0.000")&IF(Estimates!I20<0.01,"***",IF(Estimates!I20<0.05,"**",IF(Estimates!I20<0.1,"*","")))) -> 0.392 | G11: =IF(Estimates!I21="","",TEXT(Estimates!E21,"0.000")&IF(Estimates!I21<0.01,"***",IF(Estimates!I21<0.05,"**",IF(Estimates!I21<0.1,"*","")))) -> 0.315
B12: =IF(Estimates!H16="","","("&TEXT(Estimates!H16,"0.00")&")") -> (2.72) | C12: =IF(Estimates!H17="","","("&TEXT(Estimates!H17,"0.00")&")") -> (2.00) | D12: =IF(Estimates!H18="","","("&TEXT(Estimates!H18,"0.00")&")") -> (2.04) | E12: =IF(Estimates!H19="","","("&TEXT(Estimates!H19,"0.00")&")") -> (2.69) | F12: =IF(Estimates!H20="","","("&TEXT(Estimates!H20,"0.00")&")") -> (1.10) | G12: =IF(Estimates!H21="","","("&TEXT(Estimates!H21,"0.00")&")") -> (1.02)
A13: Effect of conflict within Shock Period | B13: =IF(Estimates!I22="","",TEXT(Estimates!E22,"0.000")&IF(Estimates!I22<0.01,"***",IF(Estimates!I22<0.05,"**",IF(Estimates!I22<0.1,"*","")))) -> 0.096 | C13: =IF(Estimates!I23="","",TEXT(Estimates!E23,"0.000")&IF(Estimates!I23<0.01,"***",IF(Estimates!I23<0.05,"**",IF(Estimates!I23<0.1,"*","")))) -> -0.078 | D13: =IF(Estimates!I24="","",TEXT(Estimates!E24,"0.000")&IF(Estimates!I24<0.01,"***",IF(Estimates!I24<0.05,"**",IF(Estimates!I24<0.1,"*","")))) -> -0.101 | E13: =IF(Estimates!I25="","",TEXT(Estimates!E25,"0.000")&IF(Estimates!I25<0.01,"***",IF(Estimates!I25<0.05,"**",IF(Estimates!I25<0.1,"*","")))) -> -0.138*** | F13: =IF(Estimates!I26="","",TEXT(Estimates!E26,"0.000")&IF(Estimates!I26<0.01,"***",IF(Estimates!I26<0.05,"**",IF(Estimates!I26<0.1,"*","")))) -> 0.029 | G13: =IF(Estimates!I27="","",TEXT(Estimates!E27,"0.000")&IF(Estimates!I27<0.01,"***",IF(Estimates!I27<0.05,"**",IF(Estimates!I27<0.1,"*","")))) -> -0.092
B14: =IF(Estimates!H22="","","("&TEXT(Estimates!H22,"0.00")&")") -> (0.44) | C14: =IF(Estimates!H23="","","("&TEXT(Estimates!H23,"0.00")&")") -> (-0.28) | D14: =IF(Estimates!H24="","","("&TEXT(Estimates!H24,"0.00")&")") -> (-0.36) | E14: =IF(Estimates!H25="","","("&TEXT(Estimates!H25,"0.00")&")") -> (-3.08) | F14: =IF(Estimates!H26="","","("&TEXT(Estimates!H26,"0.00")&")") -> (0.13) | G14: =IF(Estimates!H27="","","("&TEXT(Estimates!H27,"0.00")&")") -> (-0.49)
A16: Observations | B16: 1566 | C16: 1565 | D16: 1565 | E16: 1395 | F16: 1394 | G16: 1394
A17: Adjusted R-squared | B17: 0.064297918 | C17: 0.095559801 | D17: 0.089925541 | E17: 0.13673989 | F17: 0.03452514 | G17: 0.13387043

Sheet Event study FY2008
A1: Event Study Around the Loglisci Shock: FY2008 Base Year
A2: Each regression includes Conflicted CIO and Conflicted CIO interacted with indicators for every fiscal year except FY2008 (the last fiscal year before the Shock Period), with endpoint bins for years before 2005 and after 2017. Conflicted CIO is therefore the effect of conflict in FY2008 and each interaction is the change in that effect relative to FY2008. Shaded rows are the Shock Period. Tests: pre-shock leads (the pre-2005 bin and FY2005-2007) jointly zero; shock-period coefficients (FY2009-2013) jointly zero; post-period coefficients (FY2014-2017 and the post-2017 bin) jointly zero. The italic rows are the mean FY2009-2013 coefficient, the mean FY2014-2017 coefficient, and their difference (a test that the effect of conflict returns after the case is resolved). The control variables are those of Table VIII (the lagged return, Size, the lagged funding ratio, lagged allocations, Financial Center, lagged log CIO age and tenure, lagged sibling plans and the political-state indicator). Benchmark-Adjusted Return is the plan's return minus the updated policy benchmark (the benchmark return reported in the plan's financial report or, where none is stated, an inferred value graded A or B). The standard errors are double clustered by plan and year. Coefficients marked with ***, **, and * are significant at the 1%, 5%, and 10% level, respectively.
B4: Peer-Adjusted Return | E4: Benchmark-Adjusted Return
B5: Year FE | C5: Plan FE | D5: Plan and Year FE | E5: Year FE | F5: Plan FE | G5: Plan and Year FE
A6: Conflicted CIO (effect in FY2008) | B6: =IF(Estimates!I28="","",TEXT(Estimates!E28,"0.000")&IF(Estimates!I28<0.01,"***",IF(Estimates!I28<0.05,"**",IF(Estimates!I28<0.1,"*","")))) -> -0.525* | C6: =IF(Estimates!I29="","",TEXT(Estimates!E29,"0.000")&IF(Estimates!I29<0.01,"***",IF(Estimates!I29<0.05,"**",IF(Estimates!I29<0.1,"*","")))) -> -1.029** | D6: =IF(Estimates!I30="","",TEXT(Estimates!E30,"0.000")&IF(Estimates!I30<0.01,"***",IF(Estimates!I30<0.05,"**",IF(Estimates!I30<0.1,"*","")))) -> -0.932* | E6: =IF(Estimates!I31="","",TEXT(Estimates!E31,"0.000")&IF(Estimates!I31<0.01,"***",IF(Estimates!I31<0.05,"**",IF(Estimates!I31<0.1,"*","")))) -> -0.193 | F6: =IF(Estimates!I32="","",TEXT(Estimates!E32,"0.000")&IF(Estimates!I32<0.01,"***",IF(Estimates!I32<0.05,"**",IF(Estimates!I32<0.1,"*","")))) -> -0.700** | G6: =IF(Estimates!I33="","",TEXT(Estimates!E33,"0.000")&IF(Estimates!I33<0.01,"***",IF(Estimates!I33<0.05,"**",IF(Estimates!I33<0.1,"*","")))) -> -0.084
B7: =IF(Estimates!H28="","","("&TEXT(Estimates!H28,"0.00")&")") -> (-1.97) | C7: =IF(Estimates!H29="","","("&TEXT(Estimates!H29,"0.00")&")") -> (-2.66) | D7: =IF(Estimates!H30="","","("&TEXT(Estimates!H30,"0.00")&")") -> (-1.99) | E7: =IF(Estimates!H31="","","("&TEXT(Estimates!H31,"0.00")&")") -> (-1.21) | F7: =IF(Estimates!H32="","","("&TEXT(Estimates!H32,"0.00")&")") -> (-2.13) | G7: =IF(Estimates!H33="","","("&TEXT(Estimates!H33,"0.00")&")") -> (-0.28)
A9: Conflicted CIO x FY<2005 | B9: =IF(Estimates!I34="","",TEXT(Estimates!E34,"0.000")&IF(Estimates!I34<0.01,"***",IF(Estimates!I34<0.05,"**",IF(Estimates!I34<0.1,"*","")))) -> -0.319 | C9: =IF(Estimates!I35="","",TEXT(Estimates!E35,"0.000")&IF(Estimates!I35<0.01,"***",IF(Estimates!I35<0.05,"**",IF(Estimates!I35<0.1,"*","")))) -> 0.528 | D9: =IF(Estimates!I36="","",TEXT(Estimates!E36,"0.000")&IF(Estimates!I36<0.01,"***",IF(Estimates!I36<0.05,"**",IF(Estimates!I36<0.1,"*","")))) -> 0.253 | E9: =IF(Estimates!I37="","",TEXT(Estimates!E37,"0.000")&IF(Estimates!I37<0.01,"***",IF(Estimates!I37<0.05,"**",IF(Estimates!I37<0.1,"*","")))) -> -0.616*** | F9: =IF(Estimates!I38="","",TEXT(Estimates!E38,"0.000")&IF(Estimates!I38<0.01,"***",IF(Estimates!I38<0.05,"**",IF(Estimates!I38<0.1,"*","")))) -> 0.115 | G9: =IF(Estimates!I39="","",TEXT(Estimates!E39,"0.000")&IF(Estimates!I39<0.01,"***",IF(Estimates!I39<0.05,"**",IF(Estimates!I39<0.1,"*","")))) -> -0.613**
B10: =IF(Estimates!H34="","","("&TEXT(Estimates!H34,"0.00")&")") -> (-1.23) | C10: =IF(Estimates!H35="","","("&TEXT(Estimates!H35,"0.00")&")") -> (1.43) | D10: =IF(Estimates!H36="","","("&TEXT(Estimates!H36,"0.00")&")") -> (0.53) | E10: =IF(Estimates!H37="","","("&TEXT(Estimates!H37,"0.00")&")") -> (-4.37) | F10: =IF(Estimates!H38="","","("&TEXT(Estimates!H38,"0.00")&")") -> (0.35) | G10: =IF(Estimates!H39="","","("&TEXT(Estimates!H39,"0.00")&")") -> (-2.48)
A11: Conflicted CIO x FY2005 | B11: =IF(Estimates!I40="","",TEXT(Estimates!E40,"0.000")&IF(Estimates!I40<0.01,"***",IF(Estimates!I40<0.05,"**",IF(Estimates!I40<0.1,"*","")))) -> -0.184 | C11: =IF(Estimates!I41="","",TEXT(Estimates!E41,"0.000")&IF(Estimates!I41<0.01,"***",IF(Estimates!I41<0.05,"**",IF(Estimates!I41<0.1,"*","")))) -> 0.366** | D11: =IF(Estimates!I42="","",TEXT(Estimates!E42,"0.000")&IF(Estimates!I42<0.01,"***",IF(Estimates!I42<0.05,"**",IF(Estimates!I42<0.1,"*","")))) -> 0.134 | E11: =IF(Estimates!I43="","",TEXT(Estimates!E43,"0.000")&IF(Estimates!I43<0.01,"***",IF(Estimates!I43<0.05,"**",IF(Estimates!I43<0.1,"*","")))) -> -0.405** | F11: =IF(Estimates!I44="","",TEXT(Estimates!E44,"0.000")&IF(Estimates!I44<0.01,"***",IF(Estimates!I44<0.05,"**",IF(Estimates!I44<0.1,"*","")))) -> 0.618*** | G11: =IF(Estimates!I45="","",TEXT(Estimates!E45,"0.000")&IF(Estimates!I45<0.01,"***",IF(Estimates!I45<0.05,"**",IF(Estimates!I45<0.1,"*","")))) -> -0.435*
B12: =IF(Estimates!H40="","","("&TEXT(Estimates!H40,"0.00")&")") -> (-1.30) | C12: =IF(Estimates!H41="","","("&TEXT(Estimates!H41,"0.00")&")") -> (2.23) | D12: =IF(Estimates!H42="","","("&TEXT(Estimates!H42,"0.00")&")") -> (0.70) | E12: =IF(Estimates!H43="","","("&TEXT(Estimates!H43,"0.00")&")") -> (-2.31) | F12: =IF(Estimates!H44="","","("&TEXT(Estimates!H44,"0.00")&")") -> (2.88) | G12: =IF(Estimates!H45="","","("&TEXT(Estimates!H45,"0.00")&")") -> (-2.07)
A13: Conflicted CIO x FY2006 | B13: =IF(Estimates!I46="","",TEXT(Estimates!E46,"0.000")&IF(Estimates!I46<0.01,"***",IF(Estimates!I46<0.05,"**",IF(Estimates!I46<0.1,"*","")))) -> -1.320*** | C13: =IF(Estimates!I47="","",TEXT(Estimates!E47,"0.000")&IF(Estimates!I47<0.01,"***",IF(Estimates!I47<0.05,"**",IF(Estimates!I47<0.1,"*","")))) -> -0.362 | D13: =IF(Estimates!I48="","",TEXT(Estimates!E48,"0.000")&IF(Estimates!I48<0.01,"***",IF(Estimates!I48<0.05,"**",IF(Estimates!I48<0.1,"*","")))) -> -1.058*** | E13: =IF(Estimates!I49="","",TEXT(Estimates!E49,"0.000")&IF(Estimates!I49<0.01,"***",IF(Estimates!I49<0.05,"**",IF(Estimates!I49<0.1,"*","")))) -> -0.527** | F13: =IF(Estimates!I50="","",TEXT(Estimates!E50,"0.000")&IF(Estimates!I50<0.01,"***",IF(Estimates!I50<0.05,"**",IF(Estimates!I50<0.1,"*","")))) -> 0.933*** | G13: =IF(Estimates!I51="","",TEXT(Estimates!E51,"0.000")&IF(Estimates!I51<0.01,"***",IF(Estimates!I51<0.05,"**",IF(Estimates!I51<0.1,"*","")))) -> -0.440*
B14: =IF(Estimates!H46="","","("&TEXT(Estimates!H46,"0.00")&")") -> (-5.00) | C14: =IF(Estimates!H47="","","("&TEXT(Estimates!H47,"0.00")&")") -> (-1.39) | D14: =IF(Estimates!H48="","","("&TEXT(Estimates!H48,"0.00")&")") -> (-3.25) | E14: =IF(Estimates!H49="","","("&TEXT(Estimates!H49,"0.00")&")") -> (-2.64) | F14: =IF(Estimates!H50="","","("&TEXT(Estimates!H50,"0.00")&")") -> (4.43) | G14: =IF(Estimates!H51="","","("&TEXT(Estimates!H51,"0.00")&")") -> (-1.97)
A15: Conflicted CIO x FY2007 | B15: =IF(Estimates!I52="","",TEXT(Estimates!E52,"0.000")&IF(Estimates!I52<0.01,"***",IF(Estimates!I52<0.05,"**",IF(Estimates!I52<0.1,"*","")))) -> -1.541*** | C15: =IF(Estimates!I53="","",TEXT(Estimates!E53,"0.000")&IF(Estimates!I53<0.01,"***",IF(Estimates!I53<0.05,"**",IF(Estimates!I53<0.1,"*","")))) -> -0.866** | D15: =IF(Estimates!I54="","",TEXT(Estimates!E54,"0.000")&IF(Estimates!I54<0.01,"***",IF(Estimates!I54<0.05,"**",IF(Estimates!I54<0.1,"*","")))) -> -1.472*** | E15: =IF(Estimates!I55="","",TEXT(Estimates!E55,"0.000")&IF(Estimates!I55<0.01,"***",IF(Estimates!I55<0.05,"**",IF(Estimates!I55<0.1,"*","")))) -> -1.146*** | F15: =IF(Estimates!I56="","",TEXT(Estimates!E56,"0.000")&IF(Estimates!I56<0.01,"***",IF(Estimates!I56<0.05,"**",IF(Estimates!I56<0.1,"*","")))) -> -0.012 | G15: =IF(Estimates!I57="","",TEXT(Estimates!E57,"0.000")&IF(Estimates!I57<0.01,"***",IF(Estimates!I57<0.05,"**",IF(Estimates!I57<0.1,"*","")))) -> -1.150***
B16: =IF(Estimates!H52="","","("&TEXT(Estimates!H52,"0.00")&")") -> (-4.47) | C16: =IF(Estimates!H53="","","("&TEXT(Estimates!H53,"0.00")&")") -> (-2.67) | D16: =IF(Estimates!H54="","","("&TEXT(Estimates!H54,"0.00")&")") -> (-3.63) | E16: =IF(Estimates!H55="","","("&TEXT(Estimates!H55,"0.00")&")") -> (-6.29) | F16: =IF(Estimates!H56="","","("&TEXT(Estimates!H56,"0.00")&")") -> (-0.08) | G16: =IF(Estimates!H57="","","("&TEXT(Estimates!H57,"0.00")&")") -> (-5.70)
A17: Conflicted CIO x FY2009 | B17: =IF(Estimates!I58="","",TEXT(Estimates!E58,"0.000")&IF(Estimates!I58<0.01,"***",IF(Estimates!I58<0.05,"**",IF(Estimates!I58<0.1,"*","")))) -> 1.686*** | C17: =IF(Estimates!I59="","",TEXT(Estimates!E59,"0.000")&IF(Estimates!I59<0.01,"***",IF(Estimates!I59<0.05,"**",IF(Estimates!I59<0.1,"*","")))) -> 0.893** | D17: =IF(Estimates!I60="","",TEXT(Estimates!E60,"0.000")&IF(Estimates!I60<0.01,"***",IF(Estimates!I60<0.05,"**",IF(Estimates!I60<0.1,"*","")))) -> 1.784*** | E17: =IF(Estimates!I61="","",TEXT(Estimates!E61,"0.000")&IF(Estimates!I61<0.01,"***",IF(Estimates!I61<0.05,"**",IF(Estimates!I61<0.1,"*","")))) -> 0.535* | F17: =IF(Estimates!I62="","",TEXT(Estimates!E62,"0.000")&IF(Estimates!I62<0.01,"***",IF(Estimates!I62<0.05,"**",IF(Estimates!I62<0.1,"*","")))) -> -0.701 | G17: =IF(Estimates!I63="","",TEXT(Estimates!E63,"0.000")&IF(Estimates!I63<0.01,"***",IF(Estimates!I63<0.05,"**",IF(Estimates!I63<0.1,"*","")))) -> 0.555
B18: =IF(Estimates!H58="","","("&TEXT(Estimates!H58,"0.00")&")") -> (3.60) | C18: =IF(Estimates!H59="","","("&TEXT(Estimates!H59,"0.00")&")") -> (2.21) | D18: =IF(Estimates!H60="","","("&TEXT(Estimates!H60,"0.00")&")") -> (3.75) | E18: =IF(Estimates!H61="","","("&TEXT(Estimates!H61,"0.00")&")") -> (2.09) | F18: =IF(Estimates!H62="","","("&TEXT(Estimates!H62,"0.00")&")") -> (-1.69) | G18: =IF(Estimates!H63="","","("&TEXT(Estimates!H63,"0.00")&")") -> (1.69)
A19: Conflicted CIO x FY2010 | B19: =IF(Estimates!I64="","",TEXT(Estimates!E64,"0.000")&IF(Estimates!I64<0.01,"***",IF(Estimates!I64<0.05,"**",IF(Estimates!I64<0.1,"*","")))) -> 0.200 | C19: =IF(Estimates!I65="","",TEXT(Estimates!E65,"0.000")&IF(Estimates!I65<0.01,"***",IF(Estimates!I65<0.05,"**",IF(Estimates!I65<0.1,"*","")))) -> 0.427 | D19: =IF(Estimates!I66="","",TEXT(Estimates!E66,"0.000")&IF(Estimates!I66<0.01,"***",IF(Estimates!I66<0.05,"**",IF(Estimates!I66<0.1,"*","")))) -> 0.318 | E19: =IF(Estimates!I67="","",TEXT(Estimates!E67,"0.000")&IF(Estimates!I67<0.01,"***",IF(Estimates!I67<0.05,"**",IF(Estimates!I67<0.1,"*","")))) -> 0.108 | F19: =IF(Estimates!I68="","",TEXT(Estimates!E68,"0.000")&IF(Estimates!I68<0.01,"***",IF(Estimates!I68<0.05,"**",IF(Estimates!I68<0.1,"*","")))) -> 1.422** | G19: =IF(Estimates!I69="","",TEXT(Estimates!E69,"0.000")&IF(Estimates!I69<0.01,"***",IF(Estimates!I69<0.05,"**",IF(Estimates!I69<0.1,"*","")))) -> 0.004
B20: =IF(Estimates!H64="","","("&TEXT(Estimates!H64,"0.00")&")") -> (0.46) | C20: =IF(Estimates!H65="","","("&TEXT(Estimates!H65,"0.00")&")") -> (0.93) | D20: =IF(Estimates!H66="","","("&TEXT(Estimates!H66,"0.00")&")") -> (0.72) | E20: =IF(Estimates!H67="","","("&TEXT(Estimates!H67,"0.00")&")") -> (0.40) | F20: =IF(Estimates!H68="","","("&TEXT(Estimates!H68,"0.00")&")") -> (2.28) | G20: =IF(Estimates!H69="","","("&TEXT(Estimates!H69,"0.00")&")") -> (0.01)
A21: Conflicted CIO x FY2011 | B21: =IF(Estimates!I70="","",TEXT(Estimates!E70,"0.000")&IF(Estimates!I70<0.01,"***",IF(Estimates!I70<0.05,"**",IF(Estimates!I70<0.1,"*","")))) -> 0.250 | C21: =IF(Estimates!I71="","",TEXT(Estimates!E71,"0.000")&IF(Estimates!I71<0.01,"***",IF(Estimates!I71<0.05,"**",IF(Estimates!I71<0.1,"*","")))) -> -0.093 | D21: =IF(Estimates!I72="","",TEXT(Estimates!E72,"0.000")&IF(Estimates!I72<0.01,"***",IF(Estimates!I72<0.05,"**",IF(Estimates!I72<0.1,"*","")))) -> 0.242 | E21: =IF(Estimates!I73="","",TEXT(Estimates!E73,"0.000")&IF(Estimates!I73<0.01,"***",IF(Estimates!I73<0.05,"**",IF(Estimates!I73<0.1,"*","")))) -> -0.006 | F21: =IF(Estimates!I74="","",TEXT(Estimates!E74,"0.000")&IF(Estimates!I74<0.01,"***",IF(Estimates!I74<0.05,"**",IF(Estimates!I74<0.1,"*","")))) -> 0.117 | G21: =IF(Estimates!I75="","",TEXT(Estimates!E75,"0.000")&IF(Estimates!I75<0.01,"***",IF(Estimates!I75<0.05,"**",IF(Estimates!I75<0.1,"*","")))) -> -0.099
B22: =IF(Estimates!H70="","","("&TEXT(Estimates!H70,"0.00")&")") -> (1.22) | C22: =IF(Estimates!H71="","","("&TEXT(Estimates!H71,"0.00")&")") -> (-0.32) | D22: =IF(Estimates!H72="","","("&TEXT(Estimates!H72,"0.00")&")") -> (0.76) | E22: =IF(Estimates!H73="","","("&TEXT(Estimates!H73,"0.00")&")") -> (-0.02) | F22: =IF(Estimates!H74="","","("&TEXT(Estimates!H74,"0.00")&")") -> (0.35) | G22: =IF(Estimates!H75="","","("&TEXT(Estimates!H75,"0.00")&")") -> (-0.23)
A23: Conflicted CIO x FY2012 | B23: =IF(Estimates!I76="","",TEXT(Estimates!E76,"0.000")&IF(Estimates!I76<0.01,"***",IF(Estimates!I76<0.05,"**",IF(Estimates!I76<0.1,"*","")))) -> 0.274 | C23: =IF(Estimates!I77="","",TEXT(Estimates!E77,"0.000")&IF(Estimates!I77<0.01,"***",IF(Estimates!I77<0.05,"**",IF(Estimates!I77<0.1,"*","")))) -> 0.066 | D23: =IF(Estimates!I78="","",TEXT(Estimates!E78,"0.000")&IF(Estimates!I78<0.01,"***",IF(Estimates!I78<0.05,"**",IF(Estimates!I78<0.1,"*","")))) -> 0.570 | E23: =IF(Estimates!I79="","",TEXT(Estimates!E79,"0.000")&IF(Estimates!I79<0.01,"***",IF(Estimates!I79<0.05,"**",IF(Estimates!I79<0.1,"*","")))) -> -0.190 | F23: =IF(Estimates!I80="","",TEXT(Estimates!E80,"0.000")&IF(Estimates!I80<0.01,"***",IF(Estimates!I80<0.05,"**",IF(Estimates!I80<0.1,"*","")))) -> -0.213 | G23: =IF(Estimates!I81="","",TEXT(Estimates!E81,"0.000")&IF(Estimates!I81<0.01,"***",IF(Estimates!I81<0.05,"**",IF(Estimates!I81<0.1,"*","")))) -> -0.129
B24: =IF(Estimates!H76="","","("&TEXT(Estimates!H76,"0.00")&")") -> (0.93) | C24: =IF(Estimates!H77="","","("&TEXT(Estimates!H77,"0.00")&")") -> (0.26) | D24: =IF(Estimates!H78="","","("&TEXT(Estimates!H78,"0.00")&")") -> (1.61) | E24: =IF(Estimates!H79="","","("&TEXT(Estimates!H79,"0.00")&")") -> (-0.64) | F24: =IF(Estimates!H80="","","("&TEXT(Estimates!H80,"0.00")&")") -> (-0.53) | G24: =IF(Estimates!H81="","","("&TEXT(Estimates!H81,"0.00")&")") -> (-0.28)
A25: Conflicted CIO x FY2013 | B25: =IF(Estimates!I82="","",TEXT(Estimates!E82,"0.000")&IF(Estimates!I82<0.01,"***",IF(Estimates!I82<0.05,"**",IF(Estimates!I82<0.1,"*","")))) -> 0.800* | C25: =IF(Estimates!I83="","",TEXT(Estimates!E83,"0.000")&IF(Estimates!I83<0.01,"***",IF(Estimates!I83<0.05,"**",IF(Estimates!I83<0.1,"*","")))) -> 0.542 | D25: =IF(Estimates!I84="","",TEXT(Estimates!E84,"0.000")&IF(Estimates!I84<0.01,"***",IF(Estimates!I84<0.05,"**",IF(Estimates!I84<0.1,"*","")))) -> 0.920* | E25: =IF(Estimates!I85="","",TEXT(Estimates!E85,"0.000")&IF(Estimates!I85<0.01,"***",IF(Estimates!I85<0.05,"**",IF(Estimates!I85<0.1,"*","")))) -> -0.183 | F25: =IF(Estimates!I86="","",TEXT(Estimates!E86,"0.000")&IF(Estimates!I86<0.01,"***",IF(Estimates!I86<0.05,"**",IF(Estimates!I86<0.1,"*","")))) -> 0.934* | G25: =IF(Estimates!I87="","",TEXT(Estimates!E87,"0.000")&IF(Estimates!I87<0.01,"***",IF(Estimates!I87<0.05,"**",IF(Estimates!I87<0.1,"*","")))) -> -0.286
B26: =IF(Estimates!H82="","","("&TEXT(Estimates!H82,"0.00")&")") -> (2.02) | C26: =IF(Estimates!H83="","","("&TEXT(Estimates!H83,"0.00")&")") -> (1.63) | D26: =IF(Estimates!H84="","","("&TEXT(Estimates!H84,"0.00")&")") -> (1.89) | E26: =IF(Estimates!H85="","","("&TEXT(Estimates!H85,"0.00")&")") -> (-0.75) | F26: =IF(Estimates!H86="","","("&TEXT(Estimates!H86,"0.00")&")") -> (1.91) | G26: =IF(Estimates!H87="","","("&TEXT(Estimates!H87,"0.00")&")") -> (-0.62)
A27: Conflicted CIO x FY2014 | B27: =IF(Estimates!I88="","",TEXT(Estimates!E88,"0.000")&IF(Estimates!I88<0.01,"***",IF(Estimates!I88<0.05,"**",IF(Estimates!I88<0.1,"*","")))) -> 0.057 | C27: =IF(Estimates!I89="","",TEXT(Estimates!E89,"0.000")&IF(Estimates!I89<0.01,"***",IF(Estimates!I89<0.05,"**",IF(Estimates!I89<0.1,"*","")))) -> 0.496 | D27: =IF(Estimates!I90="","",TEXT(Estimates!E90,"0.000")&IF(Estimates!I90<0.01,"***",IF(Estimates!I90<0.05,"**",IF(Estimates!I90<0.1,"*","")))) -> 0.271 | E27: =IF(Estimates!I91="","",TEXT(Estimates!E91,"0.000")&IF(Estimates!I91<0.01,"***",IF(Estimates!I91<0.05,"**",IF(Estimates!I91<0.1,"*","")))) -> 0.412* | F27: =IF(Estimates!I92="","",TEXT(Estimates!E92,"0.000")&IF(Estimates!I92<0.01,"***",IF(Estimates!I92<0.05,"**",IF(Estimates!I92<0.1,"*","")))) -> 1.125*** | G27: =IF(Estimates!I93="","",TEXT(Estimates!E93,"0.000")&IF(Estimates!I93<0.01,"***",IF(Estimates!I93<0.05,"**",IF(Estimates!I93<0.1,"*","")))) -> 0.509
B28: =IF(Estimates!H88="","","("&TEXT(Estimates!H88,"0.00")&")") -> (0.30) | C28: =IF(Estimates!H89="","","("&TEXT(Estimates!H89,"0.00")&")") -> (1.66) | D28: =IF(Estimates!H90="","","("&TEXT(Estimates!H90,"0.00")&")") -> (0.67) | E28: =IF(Estimates!H91="","","("&TEXT(Estimates!H91,"0.00")&")") -> (1.85) | F28: =IF(Estimates!H92="","","("&TEXT(Estimates!H92,"0.00")&")") -> (2.97) | G28: =IF(Estimates!H93="","","("&TEXT(Estimates!H93,"0.00")&")") -> (1.33)
A29: Conflicted CIO x FY2015 | B29: =IF(Estimates!I94="","",TEXT(Estimates!E94,"0.000")&IF(Estimates!I94<0.01,"***",IF(Estimates!I94<0.05,"**",IF(Estimates!I94<0.1,"*","")))) -> 0.025 | C29: =IF(Estimates!I95="","",TEXT(Estimates!E95,"0.000")&IF(Estimates!I95<0.01,"***",IF(Estimates!I95<0.05,"**",IF(Estimates!I95<0.1,"*","")))) -> 0.580 | D29: =IF(Estimates!I96="","",TEXT(Estimates!E96,"0.000")&IF(Estimates!I96<0.01,"***",IF(Estimates!I96<0.05,"**",IF(Estimates!I96<0.1,"*","")))) -> 0.361 | E29: =IF(Estimates!I97="","",TEXT(Estimates!E97,"0.000")&IF(Estimates!I97<0.01,"***",IF(Estimates!I97<0.05,"**",IF(Estimates!I97<0.1,"*","")))) -> -0.494*** | F29: =IF(Estimates!I98="","",TEXT(Estimates!E98,"0.000")&IF(Estimates!I98<0.01,"***",IF(Estimates!I98<0.05,"**",IF(Estimates!I98<0.1,"*","")))) -> 0.498 | G29: =IF(Estimates!I99="","",TEXT(Estimates!E99,"0.000")&IF(Estimates!I99<0.01,"***",IF(Estimates!I99<0.05,"**",IF(Estimates!I99<0.1,"*","")))) -> -0.259
B30: =IF(Estimates!H94="","","("&TEXT(Estimates!H94,"0.00")&")") -> (0.08) | C30: =IF(Estimates!H95="","","("&TEXT(Estimates!H95,"0.00")&")") -> (1.57) | D30: =IF(Estimates!H96="","","("&TEXT(Estimates!H96,"0.00")&")") -> (0.72) | E30: =IF(Estimates!H97="","","("&TEXT(Estimates!H97,"0.00")&")") -> (-3.35) | F30: =IF(Estimates!H98="","","("&TEXT(Estimates!H98,"0.00")&")") -> (1.53) | G30: =IF(Estimates!H99="","","("&TEXT(Estimates!H99,"0.00")&")") -> (-1.10)
A31: Conflicted CIO x FY2016 | B31: =IF(Estimates!I100="","",TEXT(Estimates!E100,"0.000")&IF(Estimates!I100<0.01,"***",IF(Estimates!I100<0.05,"**",IF(Estimates!I100<0.1,"*","")))) -> -0.680*** | C31: =IF(Estimates!I101="","",TEXT(Estimates!E101,"0.000")&IF(Estimates!I101<0.01,"***",IF(Estimates!I101<0.05,"**",IF(Estimates!I101<0.1,"*","")))) -> 0.533 | D31: =IF(Estimates!I102="","",TEXT(Estimates!E102,"0.000")&IF(Estimates!I102<0.01,"***",IF(Estimates!I102<0.05,"**",IF(Estimates!I102<0.1,"*","")))) -> -0.124 | E31: =IF(Estimates!I103="","",TEXT(Estimates!E103,"0.000")&IF(Estimates!I103<0.01,"***",IF(Estimates!I103<0.05,"**",IF(Estimates!I103<0.1,"*","")))) -> -0.364** | F31: =IF(Estimates!I104="","",TEXT(Estimates!E104,"0.000")&IF(Estimates!I104<0.01,"***",IF(Estimates!I104<0.05,"**",IF(Estimates!I104<0.1,"*","")))) -> 0.220 | G31: =IF(Estimates!I105="","",TEXT(Estimates!E105,"0.000")&IF(Estimates!I105<0.01,"***",IF(Estimates!I105<0.05,"**",IF(Estimates!I105<0.1,"*","")))) -> 0.192
B32: =IF(Estimates!H100="","","("&TEXT(Estimates!H100,"0.00")&")") -> (-3.48) | C32: =IF(Estimates!H101="","","("&TEXT(Estimates!H101,"0.00")&")") -> (1.49) | D32: =IF(Estimates!H102="","","("&TEXT(Estimates!H102,"0.00")&")") -> (-0.27) | E32: =IF(Estimates!H103="","","("&TEXT(Estimates!H103,"0.00")&")") -> (-2.10) | F32: =IF(Estimates!H104="","","("&TEXT(Estimates!H104,"0.00")&")") -> (0.47) | G32: =IF(Estimates!H105="","","("&TEXT(Estimates!H105,"0.00")&")") -> (0.72)
A33: Conflicted CIO x FY2017 | B33: =IF(Estimates!I106="","",TEXT(Estimates!E106,"0.000")&IF(Estimates!I106<0.01,"***",IF(Estimates!I106<0.05,"**",IF(Estimates!I106<0.1,"*","")))) -> 0.659** | C33: =IF(Estimates!I107="","",TEXT(Estimates!E107,"0.000")&IF(Estimates!I107<0.01,"***",IF(Estimates!I107<0.05,"**",IF(Estimates!I107<0.1,"*","")))) -> 1.455*** | D33: =IF(Estimates!I108="","",TEXT(Estimates!E108,"0.000")&IF(Estimates!I108<0.01,"***",IF(Estimates!I108<0.05,"**",IF(Estimates!I108<0.1,"*","")))) -> 0.807* | E33: =IF(Estimates!I109="","",TEXT(Estimates!E109,"0.000")&IF(Estimates!I109<0.01,"***",IF(Estimates!I109<0.05,"**",IF(Estimates!I109<0.1,"*","")))) -> -0.289 | F33: =IF(Estimates!I110="","",TEXT(Estimates!E110,"0.000")&IF(Estimates!I110<0.01,"***",IF(Estimates!I110<0.05,"**",IF(Estimates!I110<0.1,"*","")))) -> 1.082 | G33: =IF(Estimates!I111="","",TEXT(Estimates!E111,"0.000")&IF(Estimates!I111<0.01,"***",IF(Estimates!I111<0.05,"**",IF(Estimates!I111<0.1,"*","")))) -> -0.266
B34: =IF(Estimates!H106="","","("&TEXT(Estimates!H106,"0.00")&")") -> (2.60) | C34: =IF(Estimates!H107="","","("&TEXT(Estimates!H107,"0.00")&")") -> (3.88) | D34: =IF(Estimates!H108="","","("&TEXT(Estimates!H108,"0.00")&")") -> (1.79) | E34: =IF(Estimates!H109="","","("&TEXT(Estimates!H109,"0.00")&")") -> (-1.03) | F34: =IF(Estimates!H110="","","("&TEXT(Estimates!H110,"0.00")&")") -> (1.39) | G34: =IF(Estimates!H111="","","("&TEXT(Estimates!H111,"0.00")&")") -> (-0.48)
A35: Conflicted CIO x FY>2017 | B35: =IF(Estimates!I112="","",TEXT(Estimates!E112,"0.000")&IF(Estimates!I112<0.01,"***",IF(Estimates!I112<0.05,"**",IF(Estimates!I112<0.1,"*","")))) -> 1.060** | C35: =IF(Estimates!I113="","",TEXT(Estimates!E113,"0.000")&IF(Estimates!I113<0.01,"***",IF(Estimates!I113<0.05,"**",IF(Estimates!I113<0.1,"*","")))) -> 1.803** | D35: =IF(Estimates!I114="","",TEXT(Estimates!E114,"0.000")&IF(Estimates!I114<0.01,"***",IF(Estimates!I114<0.05,"**",IF(Estimates!I114<0.1,"*","")))) -> 1.152* | E35: =IF(Estimates!I115="","",TEXT(Estimates!E115,"0.000")&IF(Estimates!I115<0.01,"***",IF(Estimates!I115<0.05,"**",IF(Estimates!I115<0.1,"*","")))) -> 0.647 | F35: =IF(Estimates!I116="","",TEXT(Estimates!E116,"0.000")&IF(Estimates!I116<0.01,"***",IF(Estimates!I116<0.05,"**",IF(Estimates!I116<0.1,"*","")))) -> 1.270* | G35: =IF(Estimates!I117="","",TEXT(Estimates!E117,"0.000")&IF(Estimates!I117<0.01,"***",IF(Estimates!I117<0.05,"**",IF(Estimates!I117<0.1,"*","")))) -> 0.535
B36: =IF(Estimates!H112="","","("&TEXT(Estimates!H112,"0.00")&")") -> (2.68) | C36: =IF(Estimates!H113="","","("&TEXT(Estimates!H113,"0.00")&")") -> (2.87) | D36: =IF(Estimates!H114="","","("&TEXT(Estimates!H114,"0.00")&")") -> (1.80) | E36: =IF(Estimates!H115="","","("&TEXT(Estimates!H115,"0.00")&")") -> (1.42) | F36: =IF(Estimates!H116="","","("&TEXT(Estimates!H116,"0.00")&")") -> (1.82) | G36: =IF(Estimates!H117="","","("&TEXT(Estimates!H117,"0.00")&")") -> (0.79)
A38: Mean FY2009-2013 coefficient | B38: =IF(Estimates!I118="","",TEXT(Estimates!E118,"0.000")&IF(Estimates!I118<0.01,"***",IF(Estimates!I118<0.05,"**",IF(Estimates!I118<0.1,"*","")))) -> 0.642** | C38: =IF(Estimates!I119="","",TEXT(Estimates!E119,"0.000")&IF(Estimates!I119<0.01,"***",IF(Estimates!I119<0.05,"**",IF(Estimates!I119<0.1,"*","")))) -> 0.367 | D38: =IF(Estimates!I120="","",TEXT(Estimates!E120,"0.000")&IF(Estimates!I120<0.01,"***",IF(Estimates!I120<0.05,"**",IF(Estimates!I120<0.1,"*","")))) -> 0.767** | E38: =IF(Estimates!I121="","",TEXT(Estimates!E121,"0.000")&IF(Estimates!I121<0.01,"***",IF(Estimates!I121<0.05,"**",IF(Estimates!I121<0.1,"*","")))) -> 0.053 | F38: =IF(Estimates!I122="","",TEXT(Estimates!E122,"0.000")&IF(Estimates!I122<0.01,"***",IF(Estimates!I122<0.05,"**",IF(Estimates!I122<0.1,"*","")))) -> 0.312 | G38: =IF(Estimates!I123="","",TEXT(Estimates!E123,"0.000")&IF(Estimates!I123<0.01,"***",IF(Estimates!I123<0.05,"**",IF(Estimates!I123<0.1,"*","")))) -> 0.009
B39: =IF(Estimates!H118="","","("&TEXT(Estimates!H118,"0.00")&")") -> (2.21) | C39: =IF(Estimates!H119="","","("&TEXT(Estimates!H119,"0.00")&")") -> (1.42) | D39: =IF(Estimates!H120="","","("&TEXT(Estimates!H120,"0.00")&")") -> (2.23) | E39: =IF(Estimates!H121="","","("&TEXT(Estimates!H121,"0.00")&")") -> (0.39) | F39: =IF(Estimates!H122="","","("&TEXT(Estimates!H122,"0.00")&")") -> (0.91) | G39: =IF(Estimates!H123="","","("&TEXT(Estimates!H123,"0.00")&")") -> (0.03)
A40: Mean FY2014-2017 coefficient | B40: =IF(Estimates!I124="","",TEXT(Estimates!E124,"0.000")&IF(Estimates!I124<0.01,"***",IF(Estimates!I124<0.05,"**",IF(Estimates!I124<0.1,"*","")))) -> 0.015 | C40: =IF(Estimates!I125="","",TEXT(Estimates!E125,"0.000")&IF(Estimates!I125<0.01,"***",IF(Estimates!I125<0.05,"**",IF(Estimates!I125<0.1,"*","")))) -> 0.766** | D40: =IF(Estimates!I126="","",TEXT(Estimates!E126,"0.000")&IF(Estimates!I126<0.01,"***",IF(Estimates!I126<0.05,"**",IF(Estimates!I126<0.1,"*","")))) -> 0.329 | E40: =IF(Estimates!I127="","",TEXT(Estimates!E127,"0.000")&IF(Estimates!I127<0.01,"***",IF(Estimates!I127<0.05,"**",IF(Estimates!I127<0.1,"*","")))) -> -0.184 | F40: =IF(Estimates!I128="","",TEXT(Estimates!E128,"0.000")&IF(Estimates!I128<0.01,"***",IF(Estimates!I128<0.05,"**",IF(Estimates!I128<0.1,"*","")))) -> 0.731 | G40: =IF(Estimates!I129="","",TEXT(Estimates!E129,"0.000")&IF(Estimates!I129<0.01,"***",IF(Estimates!I129<0.05,"**",IF(Estimates!I129<0.1,"*","")))) -> 0.044
B41: =IF(Estimates!H124="","","("&TEXT(Estimates!H124,"0.00")&")") -> (0.08) | C41: =IF(Estimates!H125="","","("&TEXT(Estimates!H125,"0.00")&")") -> (2.54) | D41: =IF(Estimates!H126="","","("&TEXT(Estimates!H126,"0.00")&")") -> (0.78) | E41: =IF(Estimates!H127="","","("&TEXT(Estimates!H127,"0.00")&")") -> (-1.37) | F41: =IF(Estimates!H128="","","("&TEXT(Estimates!H128,"0.00")&")") -> (1.59) | G41: =IF(Estimates!H129="","","("&TEXT(Estimates!H129,"0.00")&")") -> (0.14)
A42: Post-period mean minus shock-period mean | B42: =IF(Estimates!I130="","",TEXT(Estimates!E130,"0.000")&IF(Estimates!I130<0.01,"***",IF(Estimates!I130<0.05,"**",IF(Estimates!I130<0.1,"*","")))) -> -0.627*** | C42: =IF(Estimates!I131="","",TEXT(Estimates!E131,"0.000")&IF(Estimates!I131<0.01,"***",IF(Estimates!I131<0.05,"**",IF(Estimates!I131<0.1,"*","")))) -> 0.399 | D42: =IF(Estimates!I132="","",TEXT(Estimates!E132,"0.000")&IF(Estimates!I132<0.01,"***",IF(Estimates!I132<0.05,"**",IF(Estimates!I132<0.1,"*","")))) -> -0.438 | E42: =IF(Estimates!I133="","",TEXT(Estimates!E133,"0.000")&IF(Estimates!I133<0.01,"***",IF(Estimates!I133<0.05,"**",IF(Estimates!I133<0.1,"*","")))) -> -0.237* | F42: =IF(Estimates!I134="","",TEXT(Estimates!E134,"0.000")&IF(Estimates!I134<0.01,"***",IF(Estimates!I134<0.05,"**",IF(Estimates!I134<0.1,"*","")))) -> 0.419* | G42: =IF(Estimates!I135="","",TEXT(Estimates!E135,"0.000")&IF(Estimates!I135<0.01,"***",IF(Estimates!I135<0.05,"**",IF(Estimates!I135<0.1,"*","")))) -> 0.035
B43: =IF(Estimates!H130="","","("&TEXT(Estimates!H130,"0.00")&")") -> (-3.69) | C43: =IF(Estimates!H131="","","("&TEXT(Estimates!H131,"0.00")&")") -> (1.65) | D43: =IF(Estimates!H132="","","("&TEXT(Estimates!H132,"0.00")&")") -> (-1.67) | E43: =IF(Estimates!H133="","","("&TEXT(Estimates!H133,"0.00")&")") -> (-1.76) | F43: =IF(Estimates!H134="","","("&TEXT(Estimates!H134,"0.00")&")") -> (1.82) | G43: =IF(Estimates!H135="","","("&TEXT(Estimates!H135,"0.00")&")") -> (0.17)
A45: p-value: pre-shock leads jointly zero | B45: 0.00038247206 | C45: 0.00018545154 | D45: 0.0021580211 | E45: 8.4907653e-07 | F45: 0.006155824 | G45: 0.00026810816
A46: p-value: shock period jointly zero | B46: 7.3585314e-06 | C46: 0.0009615688 | D46: 5.7405158e-06 | E46: 4.2646682e-05 | F46: 3.7438731e-05 | G46: 0.20877886
A47: p-value: post period jointly zero | B47: 4.7048974e-05 | C47: 0.010002056 | D47: 0.002471525 | E47: 0.00027215912 | F47: 0.0022266093 | G47: 4.6061731e-05
A48: Observations | B48: 1566 | C48: 1565 | D48: 1565 | E48: 1395 | F48: 1394 | G48: 1394

Sheet Event study bins
A1: Event Study Around the Loglisci Shock: Two-Year Bins, FY2007-08 Base
A2: As in the FY2008 event study, but with Conflicted CIO interacted with two-year periods (the Shock Period split into FY2009-10 and FY2011-13, and FY2018-20 pooled); FY2007-08 is the omitted base period, so Conflicted CIO is the effect of conflict in FY2007-08. Shaded rows are the Shock Period. The control variables are those of Table VIII (the lagged return, Size, the lagged funding ratio, lagged allocations, Financial Center, lagged log CIO age and tenure, lagged sibling plans and the political-state indicator). Benchmark-Adjusted Return is the plan's return minus the updated policy benchmark (the benchmark return reported in the plan's financial report or, where none is stated, an inferred value graded A or B). The standard errors are double clustered by plan and year. Coefficients marked with ***, **, and * are significant at the 1%, 5%, and 10% level, respectively.
B4: Peer-Adjusted Return | E4: Benchmark-Adjusted Return
B5: Year FE | C5: Plan FE | D5: Plan and Year FE | E5: Year FE | F5: Plan FE | G5: Plan and Year FE
A6: Conflicted CIO (effect in FY2007-08) | B6: =IF(Estimates!I136="","",TEXT(Estimates!E136,"0.000")&IF(Estimates!I136<0.01,"***",IF(Estimates!I136<0.05,"**",IF(Estimates!I136<0.1,"*","")))) -> -1.384*** | C6: =IF(Estimates!I137="","",TEXT(Estimates!E137,"0.000")&IF(Estimates!I137<0.01,"***",IF(Estimates!I137<0.05,"**",IF(Estimates!I137<0.1,"*","")))) -> -1.513*** | D6: =IF(Estimates!I138="","",TEXT(Estimates!E138,"0.000")&IF(Estimates!I138<0.01,"***",IF(Estimates!I138<0.05,"**",IF(Estimates!I138<0.1,"*","")))) -> -1.753*** | E6: =IF(Estimates!I139="","",TEXT(Estimates!E139,"0.000")&IF(Estimates!I139<0.01,"***",IF(Estimates!I139<0.05,"**",IF(Estimates!I139<0.1,"*","")))) -> -0.867* | F6: =IF(Estimates!I140="","",TEXT(Estimates!E140,"0.000")&IF(Estimates!I140<0.01,"***",IF(Estimates!I140<0.05,"**",IF(Estimates!I140<0.1,"*","")))) -> -0.587* | G6: =IF(Estimates!I141="","",TEXT(Estimates!E141,"0.000")&IF(Estimates!I141<0.01,"***",IF(Estimates!I141<0.05,"**",IF(Estimates!I141<0.1,"*","")))) -> -0.772
B7: =IF(Estimates!H136="","","("&TEXT(Estimates!H136,"0.00")&")") -> (-3.40) | C7: =IF(Estimates!H137="","","("&TEXT(Estimates!H137,"0.00")&")") -> (-3.63) | D7: =IF(Estimates!H138="","","("&TEXT(Estimates!H138,"0.00")&")") -> (-3.45) | E7: =IF(Estimates!H139="","","("&TEXT(Estimates!H139,"0.00")&")") -> (-1.90) | F7: =IF(Estimates!H140="","","("&TEXT(Estimates!H140,"0.00")&")") -> (-2.02) | G7: =IF(Estimates!H141="","","("&TEXT(Estimates!H141,"0.00")&")") -> (-1.63)
A9: Conflicted CIO x FY2001-02 | B9: =IF(Estimates!I142="","",TEXT(Estimates!E142,"0.000")&IF(Estimates!I142<0.01,"***",IF(Estimates!I142<0.05,"**",IF(Estimates!I142<0.1,"*","")))) -> 0.949 | C9: =IF(Estimates!I143="","",TEXT(Estimates!E143,"0.000")&IF(Estimates!I143<0.01,"***",IF(Estimates!I143<0.05,"**",IF(Estimates!I143<0.1,"*","")))) -> 1.458** | D9: =IF(Estimates!I144="","",TEXT(Estimates!E144,"0.000")&IF(Estimates!I144<0.01,"***",IF(Estimates!I144<0.05,"**",IF(Estimates!I144<0.1,"*","")))) -> 1.453* | E9: =IF(Estimates!I145="","",TEXT(Estimates!E145,"0.000")&IF(Estimates!I145<0.01,"***",IF(Estimates!I145<0.05,"**",IF(Estimates!I145<0.1,"*","")))) -> -0.615 | F9: =IF(Estimates!I146="","",TEXT(Estimates!E146,"0.000")&IF(Estimates!I146<0.01,"***",IF(Estimates!I146<0.05,"**",IF(Estimates!I146<0.1,"*","")))) -> -0.188 | G9: =IF(Estimates!I147="","",TEXT(Estimates!E147,"0.000")&IF(Estimates!I147<0.01,"***",IF(Estimates!I147<0.05,"**",IF(Estimates!I147<0.1,"*","")))) -> -0.646
B10: =IF(Estimates!H142="","","("&TEXT(Estimates!H142,"0.00")&")") -> (1.50) | C10: =IF(Estimates!H143="","","("&TEXT(Estimates!H143,"0.00")&")") -> (2.14) | D10: =IF(Estimates!H144="","","("&TEXT(Estimates!H144,"0.00")&")") -> (1.92) | E10: =IF(Estimates!H145="","","("&TEXT(Estimates!H145,"0.00")&")") -> (-0.88) | F10: =IF(Estimates!H146="","","("&TEXT(Estimates!H146,"0.00")&")") -> (-0.24) | G10: =IF(Estimates!H147="","","("&TEXT(Estimates!H147,"0.00")&")") -> (-0.85)
A11: Conflicted CIO x FY2003-04 | B11: =IF(Estimates!I148="","",TEXT(Estimates!E148,"0.000")&IF(Estimates!I148<0.01,"***",IF(Estimates!I148<0.05,"**",IF(Estimates!I148<0.1,"*","")))) -> 0.351 | C11: =IF(Estimates!I149="","",TEXT(Estimates!E149,"0.000")&IF(Estimates!I149<0.01,"***",IF(Estimates!I149<0.05,"**",IF(Estimates!I149<0.1,"*","")))) -> 0.826 | D11: =IF(Estimates!I150="","",TEXT(Estimates!E150,"0.000")&IF(Estimates!I150<0.01,"***",IF(Estimates!I150<0.05,"**",IF(Estimates!I150<0.1,"*","")))) -> 0.906 | E11: =IF(Estimates!I151="","",TEXT(Estimates!E151,"0.000")&IF(Estimates!I151<0.01,"***",IF(Estimates!I151<0.05,"**",IF(Estimates!I151<0.1,"*","")))) -> 0.375 | F11: =IF(Estimates!I152="","",TEXT(Estimates!E152,"0.000")&IF(Estimates!I152<0.01,"***",IF(Estimates!I152<0.05,"**",IF(Estimates!I152<0.1,"*","")))) -> 0.083 | G11: =IF(Estimates!I153="","",TEXT(Estimates!E153,"0.000")&IF(Estimates!I153<0.01,"***",IF(Estimates!I153<0.05,"**",IF(Estimates!I153<0.1,"*","")))) -> 0.454
B12: =IF(Estimates!H148="","","("&TEXT(Estimates!H148,"0.00")&")") -> (0.58) | C12: =IF(Estimates!H149="","","("&TEXT(Estimates!H149,"0.00")&")") -> (1.72) | D12: =IF(Estimates!H150="","","("&TEXT(Estimates!H150,"0.00")&")") -> (1.35) | E12: =IF(Estimates!H151="","","("&TEXT(Estimates!H151,"0.00")&")") -> (0.61) | F12: =IF(Estimates!H152="","","("&TEXT(Estimates!H152,"0.00")&")") -> (0.18) | G12: =IF(Estimates!H153="","","("&TEXT(Estimates!H153,"0.00")&")") -> (0.73)
A13: Conflicted CIO x FY2005-06 | B13: =IF(Estimates!I154="","",TEXT(Estimates!E154,"0.000")&IF(Estimates!I154<0.01,"***",IF(Estimates!I154<0.05,"**",IF(Estimates!I154<0.1,"*","")))) -> 0.075 | C13: =IF(Estimates!I155="","",TEXT(Estimates!E155,"0.000")&IF(Estimates!I155<0.01,"***",IF(Estimates!I155<0.05,"**",IF(Estimates!I155<0.1,"*","")))) -> 0.471* | D13: =IF(Estimates!I156="","",TEXT(Estimates!E156,"0.000")&IF(Estimates!I156<0.01,"***",IF(Estimates!I156<0.05,"**",IF(Estimates!I156<0.1,"*","")))) -> 0.329 | E13: =IF(Estimates!I157="","",TEXT(Estimates!E157,"0.000")&IF(Estimates!I157<0.01,"***",IF(Estimates!I157<0.05,"**",IF(Estimates!I157<0.1,"*","")))) -> 0.207 | F13: =IF(Estimates!I158="","",TEXT(Estimates!E158,"0.000")&IF(Estimates!I158<0.01,"***",IF(Estimates!I158<0.05,"**",IF(Estimates!I158<0.1,"*","")))) -> 0.753*** | G13: =IF(Estimates!I159="","",TEXT(Estimates!E159,"0.000")&IF(Estimates!I159<0.01,"***",IF(Estimates!I159<0.05,"**",IF(Estimates!I159<0.1,"*","")))) -> 0.280
B14: =IF(Estimates!H154="","","("&TEXT(Estimates!H154,"0.00")&")") -> (0.13) | C14: =IF(Estimates!H155="","","("&TEXT(Estimates!H155,"0.00")&")") -> (1.83) | D14: =IF(Estimates!H156="","","("&TEXT(Estimates!H156,"0.00")&")") -> (0.64) | E14: =IF(Estimates!H157="","","("&TEXT(Estimates!H157,"0.00")&")") -> (0.48) | F14: =IF(Estimates!H158="","","("&TEXT(Estimates!H158,"0.00")&")") -> (3.31) | G14: =IF(Estimates!H159="","","("&TEXT(Estimates!H159,"0.00")&")") -> (0.64)
A15: Conflicted CIO x FY2009-10 | B15: =IF(Estimates!I160="","",TEXT(Estimates!E160,"0.000")&IF(Estimates!I160<0.01,"***",IF(Estimates!I160<0.05,"**",IF(Estimates!I160<0.1,"*","")))) -> 1.713** | C15: =IF(Estimates!I161="","",TEXT(Estimates!E161,"0.000")&IF(Estimates!I161<0.01,"***",IF(Estimates!I161<0.05,"**",IF(Estimates!I161<0.1,"*","")))) -> 1.131* | D15: =IF(Estimates!I162="","",TEXT(Estimates!E162,"0.000")&IF(Estimates!I162<0.01,"***",IF(Estimates!I162<0.05,"**",IF(Estimates!I162<0.1,"*","")))) -> 1.795** | E15: =IF(Estimates!I163="","",TEXT(Estimates!E163,"0.000")&IF(Estimates!I163<0.01,"***",IF(Estimates!I163<0.05,"**",IF(Estimates!I163<0.1,"*","")))) -> 0.966* | F15: =IF(Estimates!I164="","",TEXT(Estimates!E164,"0.000")&IF(Estimates!I164<0.01,"***",IF(Estimates!I164<0.05,"**",IF(Estimates!I164<0.1,"*","")))) -> 0.401 | G15: =IF(Estimates!I165="","",TEXT(Estimates!E165,"0.000")&IF(Estimates!I165<0.01,"***",IF(Estimates!I165<0.05,"**",IF(Estimates!I165<0.1,"*","")))) -> 0.921
B16: =IF(Estimates!H160="","","("&TEXT(Estimates!H160,"0.00")&")") -> (2.18) | C16: =IF(Estimates!H161="","","("&TEXT(Estimates!H161,"0.00")&")") -> (1.89) | D16: =IF(Estimates!H162="","","("&TEXT(Estimates!H162,"0.00")&")") -> (2.18) | E16: =IF(Estimates!H163="","","("&TEXT(Estimates!H163,"0.00")&")") -> (2.08) | F16: =IF(Estimates!H164="","","("&TEXT(Estimates!H164,"0.00")&")") -> (0.87) | G16: =IF(Estimates!H165="","","("&TEXT(Estimates!H165,"0.00")&")") -> (1.72)
A17: Conflicted CIO x FY2011-13 | B17: =IF(Estimates!I166="","",TEXT(Estimates!E166,"0.000")&IF(Estimates!I166<0.01,"***",IF(Estimates!I166<0.05,"**",IF(Estimates!I166<0.1,"*","")))) -> 1.273*** | C17: =IF(Estimates!I167="","",TEXT(Estimates!E167,"0.000")&IF(Estimates!I167<0.01,"***",IF(Estimates!I167<0.05,"**",IF(Estimates!I167<0.1,"*","")))) -> 0.628* | D17: =IF(Estimates!I168="","",TEXT(Estimates!E168,"0.000")&IF(Estimates!I168<0.01,"***",IF(Estimates!I168<0.05,"**",IF(Estimates!I168<0.1,"*","")))) -> 1.385*** | E17: =IF(Estimates!I169="","",TEXT(Estimates!E169,"0.000")&IF(Estimates!I169<0.01,"***",IF(Estimates!I169<0.05,"**",IF(Estimates!I169<0.1,"*","")))) -> 0.545 | F17: =IF(Estimates!I170="","",TEXT(Estimates!E170,"0.000")&IF(Estimates!I170<0.01,"***",IF(Estimates!I170<0.05,"**",IF(Estimates!I170<0.1,"*","")))) -> 0.136 | G17: =IF(Estimates!I171="","",TEXT(Estimates!E171,"0.000")&IF(Estimates!I171<0.01,"***",IF(Estimates!I171<0.05,"**",IF(Estimates!I171<0.1,"*","")))) -> 0.518
B18: =IF(Estimates!H166="","","("&TEXT(Estimates!H166,"0.00")&")") -> (3.11) | C18: =IF(Estimates!H167="","","("&TEXT(Estimates!H167,"0.00")&")") -> (1.89) | D18: =IF(Estimates!H168="","","("&TEXT(Estimates!H168,"0.00")&")") -> (2.98) | E18: =IF(Estimates!H169="","","("&TEXT(Estimates!H169,"0.00")&")") -> (1.19) | F18: =IF(Estimates!H170="","","("&TEXT(Estimates!H170,"0.00")&")") -> (0.35) | G18: =IF(Estimates!H171="","","("&TEXT(Estimates!H171,"0.00")&")") -> (0.92)
A19: Conflicted CIO x FY2014-15 | B19: =IF(Estimates!I172="","",TEXT(Estimates!E172,"0.000")&IF(Estimates!I172<0.01,"***",IF(Estimates!I172<0.05,"**",IF(Estimates!I172<0.1,"*","")))) -> 0.894** | C19: =IF(Estimates!I173="","",TEXT(Estimates!E173,"0.000")&IF(Estimates!I173<0.01,"***",IF(Estimates!I173<0.05,"**",IF(Estimates!I173<0.1,"*","")))) -> 1.015*** | D19: =IF(Estimates!I174="","",TEXT(Estimates!E174,"0.000")&IF(Estimates!I174<0.01,"***",IF(Estimates!I174<0.05,"**",IF(Estimates!I174<0.1,"*","")))) -> 1.158** | E19: =IF(Estimates!I175="","",TEXT(Estimates!E175,"0.000")&IF(Estimates!I175<0.01,"***",IF(Estimates!I175<0.05,"**",IF(Estimates!I175<0.1,"*","")))) -> 0.617 | F19: =IF(Estimates!I176="","",TEXT(Estimates!E176,"0.000")&IF(Estimates!I176<0.01,"***",IF(Estimates!I176<0.05,"**",IF(Estimates!I176<0.1,"*","")))) -> 0.660* | G19: =IF(Estimates!I177="","",TEXT(Estimates!E177,"0.000")&IF(Estimates!I177<0.01,"***",IF(Estimates!I177<0.05,"**",IF(Estimates!I177<0.1,"*","")))) -> 0.817
B20: =IF(Estimates!H172="","","("&TEXT(Estimates!H172,"0.00")&")") -> (2.24) | C20: =IF(Estimates!H173="","","("&TEXT(Estimates!H173,"0.00")&")") -> (3.13) | D20: =IF(Estimates!H174="","","("&TEXT(Estimates!H174,"0.00")&")") -> (2.23) | E20: =IF(Estimates!H175="","","("&TEXT(Estimates!H175,"0.00")&")") -> (1.09) | F20: =IF(Estimates!H176="","","("&TEXT(Estimates!H176,"0.00")&")") -> (1.80) | G20: =IF(Estimates!H177="","","("&TEXT(Estimates!H177,"0.00")&")") -> (1.45)
A21: Conflicted CIO x FY2016-17 | B21: =IF(Estimates!I178="","",TEXT(Estimates!E178,"0.000")&IF(Estimates!I178<0.01,"***",IF(Estimates!I178<0.05,"**",IF(Estimates!I178<0.1,"*","")))) -> 0.634 | C21: =IF(Estimates!I179="","",TEXT(Estimates!E179,"0.000")&IF(Estimates!I179<0.01,"***",IF(Estimates!I179<0.05,"**",IF(Estimates!I179<0.1,"*","")))) -> 1.313** | D21: =IF(Estimates!I180="","",TEXT(Estimates!E180,"0.000")&IF(Estimates!I180<0.01,"***",IF(Estimates!I180<0.05,"**",IF(Estimates!I180<0.1,"*","")))) -> 1.053 | E21: =IF(Estimates!I181="","",TEXT(Estimates!E181,"0.000")&IF(Estimates!I181<0.01,"***",IF(Estimates!I181<0.05,"**",IF(Estimates!I181<0.1,"*","")))) -> 0.334 | F21: =IF(Estimates!I182="","",TEXT(Estimates!E182,"0.000")&IF(Estimates!I182<0.01,"***",IF(Estimates!I182<0.05,"**",IF(Estimates!I182<0.1,"*","")))) -> 0.303 | G21: =IF(Estimates!I183="","",TEXT(Estimates!E183,"0.000")&IF(Estimates!I183<0.01,"***",IF(Estimates!I183<0.05,"**",IF(Estimates!I183<0.1,"*","")))) -> 0.758
B22: =IF(Estimates!H178="","","("&TEXT(Estimates!H178,"0.00")&")") -> (1.11) | C22: =IF(Estimates!H179="","","("&TEXT(Estimates!H179,"0.00")&")") -> (2.82) | D22: =IF(Estimates!H180="","","("&TEXT(Estimates!H180,"0.00")&")") -> (1.69) | E22: =IF(Estimates!H181="","","("&TEXT(Estimates!H181,"0.00")&")") -> (0.65) | F22: =IF(Estimates!H182="","","("&TEXT(Estimates!H182,"0.00")&")") -> (0.68) | G22: =IF(Estimates!H183="","","("&TEXT(Estimates!H183,"0.00")&")") -> (1.23)
A23: Conflicted CIO x FY2018-20 | B23: =IF(Estimates!I184="","",TEXT(Estimates!E184,"0.000")&IF(Estimates!I184<0.01,"***",IF(Estimates!I184<0.05,"**",IF(Estimates!I184<0.1,"*","")))) -> 1.914*** | C23: =IF(Estimates!I185="","",TEXT(Estimates!E185,"0.000")&IF(Estimates!I185<0.01,"***",IF(Estimates!I185<0.05,"**",IF(Estimates!I185<0.1,"*","")))) -> 2.231*** | D23: =IF(Estimates!I186="","",TEXT(Estimates!E186,"0.000")&IF(Estimates!I186<0.01,"***",IF(Estimates!I186<0.05,"**",IF(Estimates!I186<0.1,"*","")))) -> 1.964** | E23: =IF(Estimates!I187="","",TEXT(Estimates!E187,"0.000")&IF(Estimates!I187<0.01,"***",IF(Estimates!I187<0.05,"**",IF(Estimates!I187<0.1,"*","")))) -> 1.323* | F23: =IF(Estimates!I188="","",TEXT(Estimates!E188,"0.000")&IF(Estimates!I188<0.01,"***",IF(Estimates!I188<0.05,"**",IF(Estimates!I188<0.1,"*","")))) -> 1.060* | G23: =IF(Estimates!I189="","",TEXT(Estimates!E189,"0.000")&IF(Estimates!I189<0.01,"***",IF(Estimates!I189<0.05,"**",IF(Estimates!I189<0.1,"*","")))) -> 1.270
B24: =IF(Estimates!H184="","","("&TEXT(Estimates!H184,"0.00")&")") -> (3.45) | C24: =IF(Estimates!H185="","","("&TEXT(Estimates!H185,"0.00")&")") -> (2.96) | D24: =IF(Estimates!H186="","","("&TEXT(Estimates!H186,"0.00")&")") -> (2.27) | E24: =IF(Estimates!H187="","","("&TEXT(Estimates!H187,"0.00")&")") -> (2.01) | F24: =IF(Estimates!H188="","","("&TEXT(Estimates!H188,"0.00")&")") -> (1.82) | G24: =IF(Estimates!H189="","","("&TEXT(Estimates!H189,"0.00")&")") -> (1.62)
A26: p-value: pre-shock bins jointly zero | B26: 0.41707932 | C26: 0.06210718 | D26: 0.26800733 | E26: 0.72329616 | F26: 0.00056964645 | G26: 0.72880289
A27: p-value: shock-period bins jointly zero | B27: 0.018963525 | C27: 0.16395483 | D27: 0.026446173 | E27: 0.02766754 | F27: 0.67983848 | G27: 0.15706366
A28: p-value: post-period bins jointly zero | B28: 0.011720761 | C28: 0.016274354 | D28: 0.067557436 | E28: 0.04267672 | F28: 0.06606882 | G28: 0.37408968
A29: Observations | B29: 1566 | C29: 1565 | D29: 1565 | E29: 1395 | F29: 1394 | G29: 1394

Sheet Exposure
A1: Differential Exposure: Conflicted CIO x Shock Period With Allocation Controls
A2: Each row re-estimates Table VIII adding interactions that let the effect of asset allocation on returns differ in the Shock Period or in every fiscal year. Rows (2)-(3) interact the lagged private equity share, or all eight lagged allocation shares, with Shock Period; rows (4)-(5) interact them with fiscal-year indicators. The table reports Conflicted CIO x Shock Period. The lagged private equity share averages 5.45% for conflicted and 6.18% for other plan-years (6.35% and 7.16% in the Shock Period). The control variables are those of Table VIII (the lagged return, Size, the lagged funding ratio, lagged allocations, Financial Center, lagged log CIO age and tenure, lagged sibling plans and the political-state indicator). Benchmark-Adjusted Return is the plan's return minus the updated policy benchmark (the benchmark return reported in the plan's financial report or, where none is stated, an inferred value graded A or B). The standard errors are double clustered by plan and year. Coefficients marked with ***, **, and * are significant at the 1%, 5%, and 10% level, respectively.
B4: Peer-Adjusted Return | D4: Benchmark-Adjusted Return
B5: Year FE | C5: Plan and Year FE | D5: Year FE | E5: Plan and Year FE
A6: (1) Table VIII as estimated | B6: =IF(Estimates!I190="","",TEXT(Estimates!E190,"0.000")&IF(Estimates!I190<0.01,"***",IF(Estimates!I190<0.05,"**",IF(Estimates!I190<0.1,"*","")))) -> 1.009** | C6: =IF(Estimates!I191="","",TEXT(Estimates!E191,"0.000")&IF(Estimates!I191<0.01,"***",IF(Estimates!I191<0.05,"**",IF(Estimates!I191<0.1,"*","")))) -> 0.908* | D6: =IF(Estimates!I192="","",TEXT(Estimates!E192,"0.000")&IF(Estimates!I192<0.01,"***",IF(Estimates!I192<0.05,"**",IF(Estimates!I192<0.1,"*","")))) -> 0.425** | E6: =IF(Estimates!I193="","",TEXT(Estimates!E193,"0.000")&IF(Estimates!I193<0.01,"***",IF(Estimates!I193<0.05,"**",IF(Estimates!I193<0.1,"*","")))) -> 0.315
B7: =IF(Estimates!H190="","","("&TEXT(Estimates!H190,"0.00")&")") -> (2.72) | C7: =IF(Estimates!H191="","","("&TEXT(Estimates!H191,"0.00")&")") -> (2.04) | D7: =IF(Estimates!H192="","","("&TEXT(Estimates!H192,"0.00")&")") -> (2.69) | E7: =IF(Estimates!H193="","","("&TEXT(Estimates!H193,"0.00")&")") -> (1.02)
A8: (2) + Lagged PE share x Shock Period | B8: =IF(Estimates!I194="","",TEXT(Estimates!E194,"0.000")&IF(Estimates!I194<0.01,"***",IF(Estimates!I194<0.05,"**",IF(Estimates!I194<0.1,"*","")))) -> 0.934** | C8: =IF(Estimates!I195="","",TEXT(Estimates!E195,"0.000")&IF(Estimates!I195<0.01,"***",IF(Estimates!I195<0.05,"**",IF(Estimates!I195<0.1,"*","")))) -> 0.813* | D8: =IF(Estimates!I196="","",TEXT(Estimates!E196,"0.000")&IF(Estimates!I196<0.01,"***",IF(Estimates!I196<0.05,"**",IF(Estimates!I196<0.1,"*","")))) -> 0.352** | E8: =IF(Estimates!I197="","",TEXT(Estimates!E197,"0.000")&IF(Estimates!I197<0.01,"***",IF(Estimates!I197<0.05,"**",IF(Estimates!I197<0.1,"*","")))) -> 0.211
B9: =IF(Estimates!H194="","","("&TEXT(Estimates!H194,"0.00")&")") -> (2.58) | C9: =IF(Estimates!H195="","","("&TEXT(Estimates!H195,"0.00")&")") -> (1.89) | D9: =IF(Estimates!H196="","","("&TEXT(Estimates!H196,"0.00")&")") -> (2.36) | E9: =IF(Estimates!H197="","","("&TEXT(Estimates!H197,"0.00")&")") -> (0.73)
A10: (3) + All lagged allocations x Shock Period | B10: =IF(Estimates!I198="","",TEXT(Estimates!E198,"0.000")&IF(Estimates!I198<0.01,"***",IF(Estimates!I198<0.05,"**",IF(Estimates!I198<0.1,"*","")))) -> 0.845** | C10: =IF(Estimates!I199="","",TEXT(Estimates!E199,"0.000")&IF(Estimates!I199<0.01,"***",IF(Estimates!I199<0.05,"**",IF(Estimates!I199<0.1,"*","")))) -> 0.679* | D10: =IF(Estimates!I200="","",TEXT(Estimates!E200,"0.000")&IF(Estimates!I200<0.01,"***",IF(Estimates!I200<0.05,"**",IF(Estimates!I200<0.1,"*","")))) -> 0.335** | E10: =IF(Estimates!I201="","",TEXT(Estimates!E201,"0.000")&IF(Estimates!I201<0.01,"***",IF(Estimates!I201<0.05,"**",IF(Estimates!I201<0.1,"*","")))) -> 0.123
B11: =IF(Estimates!H198="","","("&TEXT(Estimates!H198,"0.00")&")") -> (2.87) | C11: =IF(Estimates!H199="","","("&TEXT(Estimates!H199,"0.00")&")") -> (1.80) | D11: =IF(Estimates!H200="","","("&TEXT(Estimates!H200,"0.00")&")") -> (2.54) | E11: =IF(Estimates!H201="","","("&TEXT(Estimates!H201,"0.00")&")") -> (0.58)
A12: (4) + Lagged PE share x fiscal-year indicators | B12: =IF(Estimates!I202="","",TEXT(Estimates!E202,"0.000")&IF(Estimates!I202<0.01,"***",IF(Estimates!I202<0.05,"**",IF(Estimates!I202<0.1,"*","")))) -> 0.922** | C12: =IF(Estimates!I203="","",TEXT(Estimates!E203,"0.000")&IF(Estimates!I203<0.01,"***",IF(Estimates!I203<0.05,"**",IF(Estimates!I203<0.1,"*","")))) -> 0.784* | D12: =IF(Estimates!I204="","",TEXT(Estimates!E204,"0.000")&IF(Estimates!I204<0.01,"***",IF(Estimates!I204<0.05,"**",IF(Estimates!I204<0.1,"*","")))) -> 0.365* | E12: =IF(Estimates!I205="","",TEXT(Estimates!E205,"0.000")&IF(Estimates!I205<0.01,"***",IF(Estimates!I205<0.05,"**",IF(Estimates!I205<0.1,"*","")))) -> 0.214
B13: =IF(Estimates!H202="","","("&TEXT(Estimates!H202,"0.00")&")") -> (2.31) | C13: =IF(Estimates!H203="","","("&TEXT(Estimates!H203,"0.00")&")") -> (1.74) | D13: =IF(Estimates!H204="","","("&TEXT(Estimates!H204,"0.00")&")") -> (1.97) | E13: =IF(Estimates!H205="","","("&TEXT(Estimates!H205,"0.00")&")") -> (0.64)
A14: (5) + All lagged allocations x fiscal-year indicators | B14: =IF(Estimates!I206="","",TEXT(Estimates!E206,"0.000")&IF(Estimates!I206<0.01,"***",IF(Estimates!I206<0.05,"**",IF(Estimates!I206<0.1,"*","")))) -> 0.567* | C14: =IF(Estimates!I207="","",TEXT(Estimates!E207,"0.000")&IF(Estimates!I207<0.01,"***",IF(Estimates!I207<0.05,"**",IF(Estimates!I207<0.1,"*","")))) -> 0.399 | D14: =IF(Estimates!I208="","",TEXT(Estimates!E208,"0.000")&IF(Estimates!I208<0.01,"***",IF(Estimates!I208<0.05,"**",IF(Estimates!I208<0.1,"*","")))) -> 0.157 | E14: =IF(Estimates!I209="","",TEXT(Estimates!E209,"0.000")&IF(Estimates!I209<0.01,"***",IF(Estimates!I209<0.05,"**",IF(Estimates!I209<0.1,"*","")))) -> -0.182
B15: =IF(Estimates!H206="","","("&TEXT(Estimates!H206,"0.00")&")") -> (1.79) | C15: =IF(Estimates!H207="","","("&TEXT(Estimates!H207,"0.00")&")") -> (0.88) | D15: =IF(Estimates!H208="","","("&TEXT(Estimates!H208,"0.00")&")") -> (0.60) | E15: =IF(Estimates!H209="","","("&TEXT(Estimates!H209,"0.00")&")") -> (-0.49)
A16: Observations | B16: 1566 | C16: 1565 | D16: 1395 | E16: 1394

Sheet Placebo windows
A1: Placebo Windows: Conflicted CIO x Five-Year Window
A2: Panel A re-estimates Table VIII with Shock Period replaced by an indicator for a five-year window of fiscal years (the window's main effect is absorbed by the year fixed effects where they are included); the shaded row is the actual window, FY2009-2013 (which differs from Shock Period only for plans with fiscal years ending in January-March 2014). Windows that overlap FY2009-2013 partly contain the actual shock. Panel B restricts the sample to FY2008 and earlier and compares FY2005-2008 with FY2001-2004, a window that lies entirely before the shock. The control variables are those of Table VIII (the lagged return, Size, the lagged funding ratio, lagged allocations, Financial Center, lagged log CIO age and tenure, lagged sibling plans and the political-state indicator). Benchmark-Adjusted Return is the plan's return minus the updated policy benchmark (the benchmark return reported in the plan's financial report or, where none is stated, an inferred value graded A or B). The standard errors are double clustered by plan and year. Coefficients marked with ***, **, and * are significant at the 1%, 5%, and 10% level, respectively.
B4: Peer-Adjusted Return | D4: Benchmark-Adjusted Return
B5: Year FE | C5: Plan and Year FE | D5: Year FE | E5: Plan and Year FE
A6: Panel A. Conflicted CIO x Window
A7: FY2002-2006 | B7: =IF(Estimates!I210="","",TEXT(Estimates!E210,"0.000")&IF(Estimates!I210<0.01,"***",IF(Estimates!I210<0.05,"**",IF(Estimates!I210<0.1,"*","")))) -> -0.710** | C7: =IF(Estimates!I211="","",TEXT(Estimates!E211,"0.000")&IF(Estimates!I211<0.01,"***",IF(Estimates!I211<0.05,"**",IF(Estimates!I211<0.1,"*","")))) -> -0.444 | D7: =IF(Estimates!I212="","",TEXT(Estimates!E212,"0.000")&IF(Estimates!I212<0.01,"***",IF(Estimates!I212<0.05,"**",IF(Estimates!I212<0.1,"*","")))) -> -0.420*** | E7: =IF(Estimates!I213="","",TEXT(Estimates!E213,"0.000")&IF(Estimates!I213<0.01,"***",IF(Estimates!I213<0.05,"**",IF(Estimates!I213<0.1,"*","")))) -> -0.372
B8: =IF(Estimates!H210="","","("&TEXT(Estimates!H210,"0.00")&")") -> (-2.12) | C8: =IF(Estimates!H211="","","("&TEXT(Estimates!H211,"0.00")&")") -> (-1.08) | D8: =IF(Estimates!H212="","","("&TEXT(Estimates!H212,"0.00")&")") -> (-2.88) | E8: =IF(Estimates!H213="","","("&TEXT(Estimates!H213,"0.00")&")") -> (-1.43)
A9: FY2003-2007 | B9: =IF(Estimates!I214="","",TEXT(Estimates!E214,"0.000")&IF(Estimates!I214<0.01,"***",IF(Estimates!I214<0.05,"**",IF(Estimates!I214<0.1,"*","")))) -> -1.245*** | C9: =IF(Estimates!I215="","",TEXT(Estimates!E215,"0.000")&IF(Estimates!I215<0.01,"***",IF(Estimates!I215<0.05,"**",IF(Estimates!I215<0.1,"*","")))) -> -1.180** | D9: =IF(Estimates!I216="","",TEXT(Estimates!E216,"0.000")&IF(Estimates!I216<0.01,"***",IF(Estimates!I216<0.05,"**",IF(Estimates!I216<0.1,"*","")))) -> -0.556 | E9: =IF(Estimates!I217="","",TEXT(Estimates!E217,"0.000")&IF(Estimates!I217<0.01,"***",IF(Estimates!I217<0.05,"**",IF(Estimates!I217<0.1,"*","")))) -> -0.532
B10: =IF(Estimates!H214="","","("&TEXT(Estimates!H214,"0.00")&")") -> (-3.07) | C10: =IF(Estimates!H215="","","("&TEXT(Estimates!H215,"0.00")&")") -> (-2.45) | D10: =IF(Estimates!H216="","","("&TEXT(Estimates!H216,"0.00")&")") -> (-1.61) | E10: =IF(Estimates!H217="","","("&TEXT(Estimates!H217,"0.00")&")") -> (-1.25)
A11: FY2004-2008 | B11: =IF(Estimates!I218="","",TEXT(Estimates!E218,"0.000")&IF(Estimates!I218<0.01,"***",IF(Estimates!I218<0.05,"**",IF(Estimates!I218<0.1,"*","")))) -> -1.251*** | C11: =IF(Estimates!I219="","",TEXT(Estimates!E219,"0.000")&IF(Estimates!I219<0.01,"***",IF(Estimates!I219<0.05,"**",IF(Estimates!I219<0.1,"*","")))) -> -1.334** | D11: =IF(Estimates!I220="","",TEXT(Estimates!E220,"0.000")&IF(Estimates!I220<0.01,"***",IF(Estimates!I220<0.05,"**",IF(Estimates!I220<0.1,"*","")))) -> -0.443 | E11: =IF(Estimates!I221="","",TEXT(Estimates!E221,"0.000")&IF(Estimates!I221<0.01,"***",IF(Estimates!I221<0.05,"**",IF(Estimates!I221<0.1,"*","")))) -> -0.475
B12: =IF(Estimates!H218="","","("&TEXT(Estimates!H218,"0.00")&")") -> (-3.13) | C12: =IF(Estimates!H219="","","("&TEXT(Estimates!H219,"0.00")&")") -> (-2.65) | D12: =IF(Estimates!H220="","","("&TEXT(Estimates!H220,"0.00")&")") -> (-1.22) | E12: =IF(Estimates!H221="","","("&TEXT(Estimates!H221,"0.00")&")") -> (-1.06)
A13: FY2005-2009 | B13: =IF(Estimates!I222="","",TEXT(Estimates!E222,"0.000")&IF(Estimates!I222<0.01,"***",IF(Estimates!I222<0.05,"**",IF(Estimates!I222<0.1,"*","")))) -> -0.499 | C13: =IF(Estimates!I223="","",TEXT(Estimates!E223,"0.000")&IF(Estimates!I223<0.01,"***",IF(Estimates!I223<0.05,"**",IF(Estimates!I223<0.1,"*","")))) -> -0.618 | D13: =IF(Estimates!I224="","",TEXT(Estimates!E224,"0.000")&IF(Estimates!I224<0.01,"***",IF(Estimates!I224<0.05,"**",IF(Estimates!I224<0.1,"*","")))) -> -0.210 | E13: =IF(Estimates!I225="","",TEXT(Estimates!E225,"0.000")&IF(Estimates!I225<0.01,"***",IF(Estimates!I225<0.05,"**",IF(Estimates!I225<0.1,"*","")))) -> -0.203
B14: =IF(Estimates!H222="","","("&TEXT(Estimates!H222,"0.00")&")") -> (-1.01) | C14: =IF(Estimates!H223="","","("&TEXT(Estimates!H223,"0.00")&")") -> (-1.15) | D14: =IF(Estimates!H224="","","("&TEXT(Estimates!H224,"0.00")&")") -> (-0.88) | E14: =IF(Estimates!H225="","","("&TEXT(Estimates!H225,"0.00")&")") -> (-0.64)
A15: FY2006-2010 | B15: =IF(Estimates!I226="","",TEXT(Estimates!E226,"0.000")&IF(Estimates!I226<0.01,"***",IF(Estimates!I226<0.05,"**",IF(Estimates!I226<0.1,"*","")))) -> -0.365 | C15: =IF(Estimates!I227="","",TEXT(Estimates!E227,"0.000")&IF(Estimates!I227<0.01,"***",IF(Estimates!I227<0.05,"**",IF(Estimates!I227<0.1,"*","")))) -> -0.589 | D15: =IF(Estimates!I228="","",TEXT(Estimates!E228,"0.000")&IF(Estimates!I228<0.01,"***",IF(Estimates!I228<0.05,"**",IF(Estimates!I228<0.1,"*","")))) -> -0.026 | E15: =IF(Estimates!I229="","",TEXT(Estimates!E229,"0.000")&IF(Estimates!I229<0.01,"***",IF(Estimates!I229<0.05,"**",IF(Estimates!I229<0.1,"*","")))) -> -0.063
B16: =IF(Estimates!H226="","","("&TEXT(Estimates!H226,"0.00")&")") -> (-0.82) | C16: =IF(Estimates!H227="","","("&TEXT(Estimates!H227,"0.00")&")") -> (-1.22) | D16: =IF(Estimates!H228="","","("&TEXT(Estimates!H228,"0.00")&")") -> (-0.13) | E16: =IF(Estimates!H229="","","("&TEXT(Estimates!H229,"0.00")&")") -> (-0.29)
A17: FY2007-2011 | B17: =IF(Estimates!I230="","",TEXT(Estimates!E230,"0.000")&IF(Estimates!I230<0.01,"***",IF(Estimates!I230<0.05,"**",IF(Estimates!I230<0.1,"*","")))) -> 0.172 | C17: =IF(Estimates!I231="","",TEXT(Estimates!E231,"0.000")&IF(Estimates!I231<0.01,"***",IF(Estimates!I231<0.05,"**",IF(Estimates!I231<0.1,"*","")))) -> -0.100 | D17: =IF(Estimates!I232="","",TEXT(Estimates!E232,"0.000")&IF(Estimates!I232<0.01,"***",IF(Estimates!I232<0.05,"**",IF(Estimates!I232<0.1,"*","")))) -> 0.148 | E17: =IF(Estimates!I233="","",TEXT(Estimates!E233,"0.000")&IF(Estimates!I233<0.01,"***",IF(Estimates!I233<0.05,"**",IF(Estimates!I233<0.1,"*","")))) -> 0.032
B18: =IF(Estimates!H230="","","("&TEXT(Estimates!H230,"0.00")&")") -> (0.37) | C18: =IF(Estimates!H231="","","("&TEXT(Estimates!H231,"0.00")&")") -> (-0.20) | D18: =IF(Estimates!H232="","","("&TEXT(Estimates!H232,"0.00")&")") -> (0.61) | E18: =IF(Estimates!H233="","","("&TEXT(Estimates!H233,"0.00")&")") -> (0.11)
A19: FY2008-2012 | B19: =IF(Estimates!I234="","",TEXT(Estimates!E234,"0.000")&IF(Estimates!I234<0.01,"***",IF(Estimates!I234<0.05,"**",IF(Estimates!I234<0.1,"*","")))) -> 0.790* | C19: =IF(Estimates!I235="","",TEXT(Estimates!E235,"0.000")&IF(Estimates!I235<0.01,"***",IF(Estimates!I235<0.05,"**",IF(Estimates!I235<0.1,"*","")))) -> 0.669 | D19: =IF(Estimates!I236="","",TEXT(Estimates!E236,"0.000")&IF(Estimates!I236<0.01,"***",IF(Estimates!I236<0.05,"**",IF(Estimates!I236<0.1,"*","")))) -> 0.474*** | E19: =IF(Estimates!I237="","",TEXT(Estimates!E237,"0.000")&IF(Estimates!I237<0.01,"***",IF(Estimates!I237<0.05,"**",IF(Estimates!I237<0.1,"*","")))) -> 0.419*
B20: =IF(Estimates!H234="","","("&TEXT(Estimates!H234,"0.00")&")") -> (2.10) | C20: =IF(Estimates!H235="","","("&TEXT(Estimates!H235,"0.00")&")") -> (1.38) | D20: =IF(Estimates!H236="","","("&TEXT(Estimates!H236,"0.00")&")") -> (4.40) | E20: =IF(Estimates!H237="","","("&TEXT(Estimates!H237,"0.00")&")") -> (1.75)
A21: FY2009-2013 (actual) | B21: =IF(Estimates!I238="","",TEXT(Estimates!E238,"0.000")&IF(Estimates!I238<0.01,"***",IF(Estimates!I238<0.05,"**",IF(Estimates!I238<0.1,"*","")))) -> 1.009** | C21: =IF(Estimates!I239="","",TEXT(Estimates!E239,"0.000")&IF(Estimates!I239<0.01,"***",IF(Estimates!I239<0.05,"**",IF(Estimates!I239<0.1,"*","")))) -> 0.908* | D21: =IF(Estimates!I240="","",TEXT(Estimates!E240,"0.000")&IF(Estimates!I240<0.01,"***",IF(Estimates!I240<0.05,"**",IF(Estimates!I240<0.1,"*","")))) -> 0.425** | E21: =IF(Estimates!I241="","",TEXT(Estimates!E241,"0.000")&IF(Estimates!I241<0.01,"***",IF(Estimates!I241<0.05,"**",IF(Estimates!I241<0.1,"*","")))) -> 0.315
B22: =IF(Estimates!H238="","","("&TEXT(Estimates!H238,"0.00")&")") -> (2.72) | C22: =IF(Estimates!H239="","","("&TEXT(Estimates!H239,"0.00")&")") -> (2.04) | D22: =IF(Estimates!H240="","","("&TEXT(Estimates!H240,"0.00")&")") -> (2.69) | E22: =IF(Estimates!H241="","","("&TEXT(Estimates!H241,"0.00")&")") -> (1.02)
A23: FY2010-2014 | B23: =IF(Estimates!I242="","",TEXT(Estimates!E242,"0.000")&IF(Estimates!I242<0.01,"***",IF(Estimates!I242<0.05,"**",IF(Estimates!I242<0.1,"*","")))) -> 0.533* | C23: =IF(Estimates!I243="","",TEXT(Estimates!E243,"0.000")&IF(Estimates!I243<0.01,"***",IF(Estimates!I243<0.05,"**",IF(Estimates!I243<0.1,"*","")))) -> 0.368 | D23: =IF(Estimates!I244="","",TEXT(Estimates!E244,"0.000")&IF(Estimates!I244<0.01,"***",IF(Estimates!I244<0.05,"**",IF(Estimates!I244<0.1,"*","")))) -> 0.353 | E23: =IF(Estimates!I245="","",TEXT(Estimates!E245,"0.000")&IF(Estimates!I245<0.01,"***",IF(Estimates!I245<0.05,"**",IF(Estimates!I245<0.1,"*","")))) -> 0.226
B24: =IF(Estimates!H242="","","("&TEXT(Estimates!H242,"0.00")&")") -> (1.82) | C24: =IF(Estimates!H243="","","("&TEXT(Estimates!H243,"0.00")&")") -> (1.07) | D24: =IF(Estimates!H244="","","("&TEXT(Estimates!H244,"0.00")&")") -> (1.60) | E24: =IF(Estimates!H245="","","("&TEXT(Estimates!H245,"0.00")&")") -> (0.92)
A25: FY2011-2015 | B25: =IF(Estimates!I246="","",TEXT(Estimates!E246,"0.000")&IF(Estimates!I246<0.01,"***",IF(Estimates!I246<0.05,"**",IF(Estimates!I246<0.1,"*","")))) -> 0.475* | C25: =IF(Estimates!I247="","",TEXT(Estimates!E247,"0.000")&IF(Estimates!I247<0.01,"***",IF(Estimates!I247<0.05,"**",IF(Estimates!I247<0.1,"*","")))) -> 0.374 | D25: =IF(Estimates!I248="","",TEXT(Estimates!E248,"0.000")&IF(Estimates!I248<0.01,"***",IF(Estimates!I248<0.05,"**",IF(Estimates!I248<0.1,"*","")))) -> 0.159 | E25: =IF(Estimates!I249="","",TEXT(Estimates!E249,"0.000")&IF(Estimates!I249<0.01,"***",IF(Estimates!I249<0.05,"**",IF(Estimates!I249<0.1,"*","")))) -> 0.102
B26: =IF(Estimates!H246="","","("&TEXT(Estimates!H246,"0.00")&")") -> (1.89) | C26: =IF(Estimates!H247="","","("&TEXT(Estimates!H247,"0.00")&")") -> (1.34) | D26: =IF(Estimates!H248="","","("&TEXT(Estimates!H248,"0.00")&")") -> (0.76) | E26: =IF(Estimates!H249="","","("&TEXT(Estimates!H249,"0.00")&")") -> (0.58)
A27: FY2012-2016 | B27: =IF(Estimates!I250="","",TEXT(Estimates!E250,"0.000")&IF(Estimates!I250<0.01,"***",IF(Estimates!I250<0.05,"**",IF(Estimates!I250<0.1,"*","")))) -> 0.221 | C27: =IF(Estimates!I251="","",TEXT(Estimates!E251,"0.000")&IF(Estimates!I251<0.01,"***",IF(Estimates!I251<0.05,"**",IF(Estimates!I251<0.1,"*","")))) -> 0.293 | D27: =IF(Estimates!I252="","",TEXT(Estimates!E252,"0.000")&IF(Estimates!I252<0.01,"***",IF(Estimates!I252<0.05,"**",IF(Estimates!I252<0.1,"*","")))) -> 0.045 | E27: =IF(Estimates!I253="","",TEXT(Estimates!E253,"0.000")&IF(Estimates!I253<0.01,"***",IF(Estimates!I253<0.05,"**",IF(Estimates!I253<0.1,"*","")))) -> 0.183
B28: =IF(Estimates!H250="","","("&TEXT(Estimates!H250,"0.00")&")") -> (0.70) | C28: =IF(Estimates!H251="","","("&TEXT(Estimates!H251,"0.00")&")") -> (0.98) | D28: =IF(Estimates!H252="","","("&TEXT(Estimates!H252,"0.00")&")") -> (0.25) | E28: =IF(Estimates!H253="","","("&TEXT(Estimates!H253,"0.00")&")") -> (1.04)
A29: FY2013-2017 | B29: =IF(Estimates!I254="","",TEXT(Estimates!E254,"0.000")&IF(Estimates!I254<0.01,"***",IF(Estimates!I254<0.05,"**",IF(Estimates!I254<0.1,"*","")))) -> 0.237 | C29: =IF(Estimates!I255="","",TEXT(Estimates!E255,"0.000")&IF(Estimates!I255<0.01,"***",IF(Estimates!I255<0.05,"**",IF(Estimates!I255<0.1,"*","")))) -> 0.293 | D29: =IF(Estimates!I256="","",TEXT(Estimates!E256,"0.000")&IF(Estimates!I256<0.01,"***",IF(Estimates!I256<0.05,"**",IF(Estimates!I256<0.1,"*","")))) -> 0.034 | E29: =IF(Estimates!I257="","",TEXT(Estimates!E257,"0.000")&IF(Estimates!I257<0.01,"***",IF(Estimates!I257<0.05,"**",IF(Estimates!I257<0.1,"*","")))) -> 0.171
B30: =IF(Estimates!H254="","","("&TEXT(Estimates!H254,"0.00")&")") -> (0.70) | C30: =IF(Estimates!H255="","","("&TEXT(Estimates!H255,"0.00")&")") -> (0.92) | D30: =IF(Estimates!H256="","","("&TEXT(Estimates!H256,"0.00")&")") -> (0.19) | E30: =IF(Estimates!H257="","","("&TEXT(Estimates!H257,"0.00")&")") -> (0.80)
A31: FY2014-2018 | B31: =IF(Estimates!I258="","",TEXT(Estimates!E258,"0.000")&IF(Estimates!I258<0.01,"***",IF(Estimates!I258<0.05,"**",IF(Estimates!I258<0.1,"*","")))) -> 0.057 | C31: =IF(Estimates!I259="","",TEXT(Estimates!E259,"0.000")&IF(Estimates!I259<0.01,"***",IF(Estimates!I259<0.05,"**",IF(Estimates!I259<0.1,"*","")))) -> 0.063 | D31: =IF(Estimates!I260="","",TEXT(Estimates!E260,"0.000")&IF(Estimates!I260<0.01,"***",IF(Estimates!I260<0.05,"**",IF(Estimates!I260<0.1,"*","")))) -> 0.089 | E31: =IF(Estimates!I261="","",TEXT(Estimates!E261,"0.000")&IF(Estimates!I261<0.01,"***",IF(Estimates!I261<0.05,"**",IF(Estimates!I261<0.1,"*","")))) -> 0.285
B32: =IF(Estimates!H258="","","("&TEXT(Estimates!H258,"0.00")&")") -> (0.21) | C32: =IF(Estimates!H259="","","("&TEXT(Estimates!H259,"0.00")&")") -> (0.21) | D32: =IF(Estimates!H260="","","("&TEXT(Estimates!H260,"0.00")&")") -> (0.39) | E32: =IF(Estimates!H261="","","("&TEXT(Estimates!H261,"0.00")&")") -> (0.93)
A33: FY2015-2019 | B33: =IF(Estimates!I262="","",TEXT(Estimates!E262,"0.000")&IF(Estimates!I262<0.01,"***",IF(Estimates!I262<0.05,"**",IF(Estimates!I262<0.1,"*","")))) -> 0.194 | C33: =IF(Estimates!I263="","",TEXT(Estimates!E263,"0.000")&IF(Estimates!I263<0.01,"***",IF(Estimates!I263<0.05,"**",IF(Estimates!I263<0.1,"*","")))) -> 0.257 | D33: =IF(Estimates!I264="","",TEXT(Estimates!E264,"0.000")&IF(Estimates!I264<0.01,"***",IF(Estimates!I264<0.05,"**",IF(Estimates!I264<0.1,"*","")))) -> -0.022 | E33: =IF(Estimates!I265="","",TEXT(Estimates!E265,"0.000")&IF(Estimates!I265<0.01,"***",IF(Estimates!I265<0.05,"**",IF(Estimates!I265<0.1,"*","")))) -> 0.145
B34: =IF(Estimates!H262="","","("&TEXT(Estimates!H262,"0.00")&")") -> (0.61) | C34: =IF(Estimates!H263="","","("&TEXT(Estimates!H263,"0.00")&")") -> (0.80) | D34: =IF(Estimates!H264="","","("&TEXT(Estimates!H264,"0.00")&")") -> (-0.10) | E34: =IF(Estimates!H265="","","("&TEXT(Estimates!H265,"0.00")&")") -> (0.50)
A35: FY2016-2020 | B35: =IF(Estimates!I266="","",TEXT(Estimates!E266,"0.000")&IF(Estimates!I266<0.01,"***",IF(Estimates!I266<0.05,"**",IF(Estimates!I266<0.1,"*","")))) -> 0.282 | C35: =IF(Estimates!I267="","",TEXT(Estimates!E267,"0.000")&IF(Estimates!I267<0.01,"***",IF(Estimates!I267<0.05,"**",IF(Estimates!I267<0.1,"*","")))) -> 0.278 | D35: =IF(Estimates!I268="","",TEXT(Estimates!E268,"0.000")&IF(Estimates!I268<0.01,"***",IF(Estimates!I268<0.05,"**",IF(Estimates!I268<0.1,"*","")))) -> 0.238 | E35: =IF(Estimates!I269="","",TEXT(Estimates!E269,"0.000")&IF(Estimates!I269<0.01,"***",IF(Estimates!I269<0.05,"**",IF(Estimates!I269<0.1,"*","")))) -> 0.389
B36: =IF(Estimates!H266="","","("&TEXT(Estimates!H266,"0.00")&")") -> (0.61) | C36: =IF(Estimates!H267="","","("&TEXT(Estimates!H267,"0.00")&")") -> (0.63) | D36: =IF(Estimates!H268="","","("&TEXT(Estimates!H268,"0.00")&")") -> (0.75) | E36: =IF(Estimates!H269="","","("&TEXT(Estimates!H269,"0.00")&")") -> (1.13)
A38: Panel B. Pre-shock sample (FY<=2008)
A39: Conflicted CIO x FY2005-2008 | B39: =IF(Estimates!I270="","",TEXT(Estimates!E270,"0.000")&IF(Estimates!I270<0.01,"***",IF(Estimates!I270<0.05,"**",IF(Estimates!I270<0.1,"*","")))) -> -0.645 | C39: =IF(Estimates!I271="","",TEXT(Estimates!E271,"0.000")&IF(Estimates!I271<0.01,"***",IF(Estimates!I271<0.05,"**",IF(Estimates!I271<0.1,"*","")))) -> -0.952 | D39: =IF(Estimates!I272="","",TEXT(Estimates!E272,"0.000")&IF(Estimates!I272<0.01,"***",IF(Estimates!I272<0.05,"**",IF(Estimates!I272<0.1,"*","")))) -> 0.152 | E39: =IF(Estimates!I273="","",TEXT(Estimates!E273,"0.000")&IF(Estimates!I273<0.01,"***",IF(Estimates!I273<0.05,"**",IF(Estimates!I273<0.1,"*","")))) -> 0.170
B40: =IF(Estimates!H270="","","("&TEXT(Estimates!H270,"0.00")&")") -> (-1.35) | C40: =IF(Estimates!H271="","","("&TEXT(Estimates!H271,"0.00")&")") -> (-1.13) | D40: =IF(Estimates!H272="","","("&TEXT(Estimates!H272,"0.00")&")") -> (0.73) | E40: =IF(Estimates!H273="","","("&TEXT(Estimates!H273,"0.00")&")") -> (0.68)
A41: Observations (Panel B) | B41: 603 | C41: 600 | D41: 495 | E41: 488

Sheet Placebo groups
A1: Placebo Groups: Other Departures x Shock Period
A2: Each regression adds to Table VIII an indicator for CIOs who later leave for a reason other than a vendor job (and are not conflicted) and its interaction with Shock Period. The omitted group is CIOs who do not leave during the sample. If the shock worked through vendor-employment conflicts, Conflicted CIO x Shock Period should be positive and Other x Shock Period should not; the third column of each block tests their difference. Other departures follow Table IV: any other departure (retirement, death, a move to another public plan, or a job at a private firm that is not an asset manager), retirement, and other jobs (another public plan or a non-asset-manager firm). The control variables are those of Table VIII (the lagged return, Size, the lagged funding ratio, lagged allocations, Financial Center, lagged log CIO age and tenure, lagged sibling plans and the political-state indicator). Benchmark-Adjusted Return is the plan's return minus the updated policy benchmark (the benchmark return reported in the plan's financial report or, where none is stated, an inferred value graded A or B). The standard errors are double clustered by plan and year. Coefficients marked with ***, **, and * are significant at the 1%, 5%, and 10% level, respectively.
B4: Peer-Adjusted Return | H4: Benchmark-Adjusted Return
B5: Year FE | E5: Plan and Year FE | H5: Year FE | K5: Plan and Year FE
B6: Conflicted x Shock | C6: Other x Shock | D6: Difference | E6: Conflicted x Shock | F6: Other x Shock | G6: Difference | H6: Conflicted x Shock | I6: Other x Shock | J6: Difference | K6: Conflicted x Shock | L6: Other x Shock | M6: Difference
A7: Any other departure | B7: =IF(Estimates!I274="","",TEXT(Estimates!E274,"0.000")&IF(Estimates!I274<0.01,"***",IF(Estimates!I274<0.05,"**",IF(Estimates!I274<0.1,"*","")))) -> 0.386 | C7: =IF(Estimates!I275="","",TEXT(Estimates!E275,"0.000")&IF(Estimates!I275<0.01,"***",IF(Estimates!I275<0.05,"**",IF(Estimates!I275<0.1,"*","")))) -> -0.886*** | D7: =IF(Estimates!I276="","",TEXT(Estimates!E276,"0.000")&IF(Estimates!I276<0.01,"***",IF(Estimates!I276<0.05,"**",IF(Estimates!I276<0.1,"*","")))) -> 1.272*** | E7: =IF(Estimates!I277="","",TEXT(Estimates!E277,"0.000")&IF(Estimates!I277<0.01,"***",IF(Estimates!I277<0.05,"**",IF(Estimates!I277<0.1,"*","")))) -> 0.320 | F7: =IF(Estimates!I278="","",TEXT(Estimates!E278,"0.000")&IF(Estimates!I278<0.01,"***",IF(Estimates!I278<0.05,"**",IF(Estimates!I278<0.1,"*","")))) -> -0.807** | G7: =IF(Estimates!I279="","",TEXT(Estimates!E279,"0.000")&IF(Estimates!I279<0.01,"***",IF(Estimates!I279<0.05,"**",IF(Estimates!I279<0.1,"*","")))) -> 1.126** | H7: =IF(Estimates!I280="","",TEXT(Estimates!E280,"0.000")&IF(Estimates!I280<0.01,"***",IF(Estimates!I280<0.05,"**",IF(Estimates!I280<0.1,"*","")))) -> -0.143 | I7: =IF(Estimates!I281="","",TEXT(Estimates!E281,"0.000")&IF(Estimates!I281<0.01,"***",IF(Estimates!I281<0.05,"**",IF(Estimates!I281<0.1,"*","")))) -> -0.797*** | J7: =IF(Estimates!I282="","",TEXT(Estimates!E282,"0.000")&IF(Estimates!I282<0.01,"***",IF(Estimates!I282<0.05,"**",IF(Estimates!I282<0.1,"*","")))) -> 0.654*** | K7: =IF(Estimates!I283="","",TEXT(Estimates!E283,"0.000")&IF(Estimates!I283<0.01,"***",IF(Estimates!I283<0.05,"**",IF(Estimates!I283<0.1,"*","")))) -> -0.177 | L7: =IF(Estimates!I284="","",TEXT(Estimates!E284,"0.000")&IF(Estimates!I284<0.01,"***",IF(Estimates!I284<0.05,"**",IF(Estimates!I284<0.1,"*","")))) -> -0.675** | M7: =IF(Estimates!I285="","",TEXT(Estimates!E285,"0.000")&IF(Estimates!I285<0.01,"***",IF(Estimates!I285<0.05,"**",IF(Estimates!I285<0.1,"*","")))) -> 0.498
B8: =IF(Estimates!H274="","","("&TEXT(Estimates!H274,"0.00")&")") -> (1.35) | C8: =IF(Estimates!H275="","","("&TEXT(Estimates!H275,"0.00")&")") -> (-3.09) | D8: =IF(Estimates!H276="","","("&TEXT(Estimates!H276,"0.00")&")") -> (2.95) | E8: =IF(Estimates!H277="","","("&TEXT(Estimates!H277,"0.00")&")") -> (0.82) | F8: =IF(Estimates!H278="","","("&TEXT(Estimates!H278,"0.00")&")") -> (-2.65) | G8: =IF(Estimates!H279="","","("&TEXT(Estimates!H279,"0.00")&")") -> (2.25) | H8: =IF(Estimates!H280="","","("&TEXT(Estimates!H280,"0.00")&")") -> (-0.63) | I8: =IF(Estimates!H281="","","("&TEXT(Estimates!H281,"0.00")&")") -> (-3.29) | J8: =IF(Estimates!H282="","","("&TEXT(Estimates!H282,"0.00")&")") -> (3.71) | K8: =IF(Estimates!H283="","","("&TEXT(Estimates!H283,"0.00")&")") -> (-0.45) | L8: =IF(Estimates!H284="","","("&TEXT(Estimates!H284,"0.00")&")") -> (-2.28) | M8: =IF(Estimates!H285="","","("&TEXT(Estimates!H285,"0.00")&")") -> (1.60)
A9: Retirement | B9: =IF(Estimates!I286="","",TEXT(Estimates!E286,"0.000")&IF(Estimates!I286<0.01,"***",IF(Estimates!I286<0.05,"**",IF(Estimates!I286<0.1,"*","")))) -> 0.763** | C9: =IF(Estimates!I287="","",TEXT(Estimates!E287,"0.000")&IF(Estimates!I287<0.01,"***",IF(Estimates!I287<0.05,"**",IF(Estimates!I287<0.1,"*","")))) -> -0.524 | D9: =IF(Estimates!I288="","",TEXT(Estimates!E288,"0.000")&IF(Estimates!I288<0.01,"***",IF(Estimates!I288<0.05,"**",IF(Estimates!I288<0.1,"*","")))) -> 1.288** | E9: =IF(Estimates!I289="","",TEXT(Estimates!E289,"0.000")&IF(Estimates!I289<0.01,"***",IF(Estimates!I289<0.05,"**",IF(Estimates!I289<0.1,"*","")))) -> 0.665 | F9: =IF(Estimates!I290="","",TEXT(Estimates!E290,"0.000")&IF(Estimates!I290<0.01,"***",IF(Estimates!I290<0.05,"**",IF(Estimates!I290<0.1,"*","")))) -> -0.494 | G9: =IF(Estimates!I291="","",TEXT(Estimates!E291,"0.000")&IF(Estimates!I291<0.01,"***",IF(Estimates!I291<0.05,"**",IF(Estimates!I291<0.1,"*","")))) -> 1.159** | H9: =IF(Estimates!I292="","",TEXT(Estimates!E292,"0.000")&IF(Estimates!I292<0.01,"***",IF(Estimates!I292<0.05,"**",IF(Estimates!I292<0.1,"*","")))) -> 0.018 | I9: =IF(Estimates!I293="","",TEXT(Estimates!E293,"0.000")&IF(Estimates!I293<0.01,"***",IF(Estimates!I293<0.05,"**",IF(Estimates!I293<0.1,"*","")))) -> -0.842* | J9: =IF(Estimates!I294="","",TEXT(Estimates!E294,"0.000")&IF(Estimates!I294<0.01,"***",IF(Estimates!I294<0.05,"**",IF(Estimates!I294<0.1,"*","")))) -> 0.860*** | K9: =IF(Estimates!I295="","",TEXT(Estimates!E295,"0.000")&IF(Estimates!I295<0.01,"***",IF(Estimates!I295<0.05,"**",IF(Estimates!I295<0.1,"*","")))) -> 0.014 | L9: =IF(Estimates!I296="","",TEXT(Estimates!E296,"0.000")&IF(Estimates!I296<0.01,"***",IF(Estimates!I296<0.05,"**",IF(Estimates!I296<0.1,"*","")))) -> -0.626 | M9: =IF(Estimates!I297="","",TEXT(Estimates!E297,"0.000")&IF(Estimates!I297<0.01,"***",IF(Estimates!I297<0.05,"**",IF(Estimates!I297<0.1,"*","")))) -> 0.640
B10: =IF(Estimates!H286="","","("&TEXT(Estimates!H286,"0.00")&")") -> (2.26) | C10: =IF(Estimates!H287="","","("&TEXT(Estimates!H287,"0.00")&")") -> (-1.71) | D10: =IF(Estimates!H288="","","("&TEXT(Estimates!H288,"0.00")&")") -> (2.82) | E10: =IF(Estimates!H289="","","("&TEXT(Estimates!H289,"0.00")&")") -> (1.53) | F10: =IF(Estimates!H290="","","("&TEXT(Estimates!H290,"0.00")&")") -> (-1.66) | G10: =IF(Estimates!H291="","","("&TEXT(Estimates!H291,"0.00")&")") -> (2.30) | H10: =IF(Estimates!H292="","","("&TEXT(Estimates!H292,"0.00")&")") -> (0.07) | I10: =IF(Estimates!H293="","","("&TEXT(Estimates!H293,"0.00")&")") -> (-1.96) | J10: =IF(Estimates!H294="","","("&TEXT(Estimates!H294,"0.00")&")") -> (3.16) | K10: =IF(Estimates!H295="","","("&TEXT(Estimates!H295,"0.00")&")") -> (0.04) | L10: =IF(Estimates!H296="","","("&TEXT(Estimates!H296,"0.00")&")") -> (-1.39) | M10: =IF(Estimates!H297="","","("&TEXT(Estimates!H297,"0.00")&")") -> (1.72)
A11: Other job | B11: =IF(Estimates!I298="","",TEXT(Estimates!E298,"0.000")&IF(Estimates!I298<0.01,"***",IF(Estimates!I298<0.05,"**",IF(Estimates!I298<0.1,"*","")))) -> 0.943** | C11: =IF(Estimates!I299="","",TEXT(Estimates!E299,"0.000")&IF(Estimates!I299<0.01,"***",IF(Estimates!I299<0.05,"**",IF(Estimates!I299<0.1,"*","")))) -> -0.276 | D11: =IF(Estimates!I300="","",TEXT(Estimates!E300,"0.000")&IF(Estimates!I300<0.01,"***",IF(Estimates!I300<0.05,"**",IF(Estimates!I300<0.1,"*","")))) -> 1.219** | E11: =IF(Estimates!I301="","",TEXT(Estimates!E301,"0.000")&IF(Estimates!I301<0.01,"***",IF(Estimates!I301<0.05,"**",IF(Estimates!I301<0.1,"*","")))) -> 0.859* | F11: =IF(Estimates!I302="","",TEXT(Estimates!E302,"0.000")&IF(Estimates!I302<0.01,"***",IF(Estimates!I302<0.05,"**",IF(Estimates!I302<0.1,"*","")))) -> -0.234 | G11: =IF(Estimates!I303="","",TEXT(Estimates!E303,"0.000")&IF(Estimates!I303<0.01,"***",IF(Estimates!I303<0.05,"**",IF(Estimates!I303<0.1,"*","")))) -> 1.092 | H11: =IF(Estimates!I304="","",TEXT(Estimates!E304,"0.000")&IF(Estimates!I304<0.01,"***",IF(Estimates!I304<0.05,"**",IF(Estimates!I304<0.1,"*","")))) -> 0.494** | I11: =IF(Estimates!I305="","",TEXT(Estimates!E305,"0.000")&IF(Estimates!I305<0.01,"***",IF(Estimates!I305<0.05,"**",IF(Estimates!I305<0.1,"*","")))) -> 0.358 | J11: =IF(Estimates!I306="","",TEXT(Estimates!E306,"0.000")&IF(Estimates!I306<0.01,"***",IF(Estimates!I306<0.05,"**",IF(Estimates!I306<0.1,"*","")))) -> 0.137 | K11: =IF(Estimates!I307="","",TEXT(Estimates!E307,"0.000")&IF(Estimates!I307<0.01,"***",IF(Estimates!I307<0.05,"**",IF(Estimates!I307<0.1,"*","")))) -> 0.363 | L11: =IF(Estimates!I308="","",TEXT(Estimates!E308,"0.000")&IF(Estimates!I308<0.01,"***",IF(Estimates!I308<0.05,"**",IF(Estimates!I308<0.1,"*","")))) -> 0.165 | M11: =IF(Estimates!I309="","",TEXT(Estimates!E309,"0.000")&IF(Estimates!I309<0.01,"***",IF(Estimates!I309<0.05,"**",IF(Estimates!I309<0.1,"*","")))) -> 0.198
B12: =IF(Estimates!H298="","","("&TEXT(Estimates!H298,"0.00")&")") -> (2.51) | C12: =IF(Estimates!H299="","","("&TEXT(Estimates!H299,"0.00")&")") -> (-0.57) | D12: =IF(Estimates!H300="","","("&TEXT(Estimates!H300,"0.00")&")") -> (2.15) | E12: =IF(Estimates!H301="","","("&TEXT(Estimates!H301,"0.00")&")") -> (1.97) | F12: =IF(Estimates!H302="","","("&TEXT(Estimates!H302,"0.00")&")") -> (-0.47) | G12: =IF(Estimates!H303="","","("&TEXT(Estimates!H303,"0.00")&")") -> (1.67) | H12: =IF(Estimates!H304="","","("&TEXT(Estimates!H304,"0.00")&")") -> (2.51) | I12: =IF(Estimates!H305="","","("&TEXT(Estimates!H305,"0.00")&")") -> (0.85) | J12: =IF(Estimates!H306="","","("&TEXT(Estimates!H306,"0.00")&")") -> (0.42) | K12: =IF(Estimates!H307="","","("&TEXT(Estimates!H307,"0.00")&")") -> (1.16) | L12: =IF(Estimates!H308="","","("&TEXT(Estimates!H308,"0.00")&")") -> (0.44) | M12: =IF(Estimates!H309="","","("&TEXT(Estimates!H309,"0.00")&")") -> (0.47)
A13: Observations | B13: 1566 | C13: 1566 | D13: 1566 | E13: 1565 | F13: 1565 | G13: 1565 | H13: 1395 | I13: 1395 | J13: 1395 | K13: 1394 | L13: 1394 | M13: 1394
A15: Coefficients and observations will match reghdfe; t-statistics and p-values can differ somewhat. Use the attached Stata code for the exact figures.

Sheet Estimates
A1: Estimates behind the tables. Blue = regression output (coefficient, SE, minimum cluster count). t and p are formulas; p uses the t distribution with (min clusters - 1) df. SE double clustered by plan and year, with the eigenvalue fix.
A3: Table | B3: Dependent variable | C3: Specification | D3: Term | E3: Coefficient | F3: SE | G3: Clusters (min) | H3: t | I3: p
A4: Table VIII | B4: Peer-Adjusted Return | C4: Year FE | D4: Conflicted CIO, no Shock Period terms | E4: -0.57296588 | F4: 0.16808147 | G4: 19 | H4: =IF(AND(ISNUMBER(E4),F4>0),E4/F4,"") -> -3.4088581 | I4: =IF(H4="","",TDIST(ABS(H4),G4-1,2)) -> 0.0031295007
A5: Table VIII | B5: Peer-Adjusted Return | C5: Plan FE | D5: Conflicted CIO, no Shock Period terms | E5: -0.68681809 | F5: 0.25213563 | G5: 19 | H5: =IF(AND(ISNUMBER(E5),F5>0),E5/F5,"") -> -2.7240025 | I5: =IF(H5="","",TDIST(ABS(H5),G5-1,2)) -> 0.013922711
A6: Table VIII | B6: Peer-Adjusted Return | C6: Plan and Year FE | D6: Conflicted CIO, no Shock Period terms | E6: -0.70709171 | F6: 0.25303881 | G6: 19 | H6: =IF(AND(ISNUMBER(E6),F6>0),E6/F6,"") -> -2.7944002 | I6: =IF(H6="","",TDIST(ABS(H6),G6-1,2)) -> 0.011979579
A7: Table VIII | B7: Benchmark-Adjusted Return | C7: Year FE | D7: Conflicted CIO, no Shock Period terms | E7: -0.4080923 | F7: 0.11450025 | G7: 19 | H7: =IF(AND(ISNUMBER(E7),F7>0),E7/F7,"") -> -3.5641169 | I7: =IF(H7="","",TDIST(ABS(H7),G7-1,2)) -> 0.002217258
A8: Table VIII | B8: Benchmark-Adjusted Return | C8: Plan FE | D8: Conflicted CIO, no Shock Period terms | E8: -0.25298289 | F8: 0.11957059 | G8: 19 | H8: =IF(AND(ISNUMBER(E8),F8>0),E8/F8,"") -> -2.1157618 | I8: =IF(H8="","",TDIST(ABS(H8),G8-1,2)) -> 0.048565232
A9: Table VIII | B9: Benchmark-Adjusted Return | C9: Plan and Year FE | D9: Conflicted CIO, no Shock Period terms | E9: -0.29667733 | F9: 0.14729488 | G9: 19 | H9: =IF(AND(ISNUMBER(E9),F9>0),E9/F9,"") -> -2.0141727 | I9: =IF(H9="","",TDIST(ABS(H9),G9-1,2)) -> 0.059184182
A10: Table VIII | B10: Peer-Adjusted Return | C10: Year FE | D10: Conflicted CIO (outside Shock Period) | E10: -0.91275812 | F10: 0.21024074 | G10: 19 | H10: =IF(AND(ISNUMBER(E10),F10>0),E10/F10,"") -> -4.3414902 | I10: =IF(H10="","",TDIST(ABS(H10),G10-1,2)) -> 0.00039322856
A11: Table VIII | B11: Peer-Adjusted Return | C11: Plan FE | D11: Conflicted CIO (outside Shock Period) | E11: -0.9684688 | F11: 0.3122302 | G11: 19 | H11: =IF(AND(ISNUMBER(E11),F11>0),E11/F11,"") -> -3.1017781 | I11: =IF(H11="","",TDIST(ABS(H11),G11-1,2)) -> 0.0061553312
A12: Table VIII | B12: Peer-Adjusted Return | C12: Plan and Year FE | D12: Conflicted CIO (outside Shock Period) | E12: -1.0095041 | F12: 0.32178628 | G12: 19 | H12: =IF(AND(ISNUMBER(E12),F12>0),E12/F12,"") -> -3.137188 | I12: =IF(H12="","",TDIST(ABS(H12),G12-1,2)) -> 0.005696106
A13: Table VIII | B13: Benchmark-Adjusted Return | C13: Year FE | D13: Conflicted CIO (outside Shock Period) | E13: -0.56281524 | F13: 0.17970046 | G13: 19 | H13: =IF(AND(ISNUMBER(E13),F13>0),E13/F13,"") -> -3.1319632 | I13: =IF(H13="","",TDIST(ABS(H13),G13-1,2)) -> 0.0057616977
A14: Table VIII | B14: Benchmark-Adjusted Return | C14: Plan FE | D14: Conflicted CIO (outside Shock Period) | E14: -0.36265084 | F14: 0.18475848 | G14: 19 | H14: =IF(AND(ISNUMBER(E14),F14>0),E14/F14,"") -> -1.9628373 | I14: =IF(H14="","",TDIST(ABS(H14),G14-1,2)) -> 0.065309422
A15: Table VIII | B15: Benchmark-Adjusted Return | C15: Plan and Year FE | D15: Conflicted CIO (outside Shock Period) | E15: -0.40726515 | F15: 0.21204014 | G15: 19 | H15: =IF(AND(ISNUMBER(E15),F15>0),E15/F15,"") -> -1.9206984 | I15: =IF(H15="","",TDIST(ABS(H15),G15-1,2)) -> 0.070754641
... A309: Placebo groups | B309: Benchmark-Adjusted Return | C309: Plan and Year FE, Other job | D309: diff | E309: 0.19821386 | F309: 0.41944181 | G309: 19 | H309: =IF(AND(ISNUMBER(E309),F309>0),E309/F309,"") -> 0.47256581 | I309: =IF(H309="","",TDIST(ABS(H309),G309-1,2)) -> 0.64220218
