Workbook

Sheet Table VIII
A1: Table VIII: Exogenous Shock - Conflicted CIOs During the Loglisci Case, Peer- and Benchmark-Adjusted Returns
A2: This table reports results of tests that use a natural shock to CIOs' susceptibility of being conflicted. Specifically, we compare the impact of Conflicted CIO during the period of March 2009 to March 2014 when the case surrounding former NY Common Fund CIO David Loglisci was still unsettled. Columns (1)-(3) are the published specifications; columns (4) and (5) replace year fixed effects with fiscal-year-end date fixed effects. Panel A uses Peer-Adjusted Return; its columns (1)-(3) reproduce the published Table VIII. Panel B uses Benchmark-Adjusted Return computed as the plan's return minus the updated policy benchmark (the benchmark return reported in the plan's financial report or, where none is stated, an inferred value graded A or B). Shock Period is an indicator variable equal to 1 if a plan fiscal year ends between March 2009 and March 2014 and 0 otherwise; it is a function of the fiscal-year-end date, so it is absorbed in columns (4) and (5), and in the benchmark-adjusted sample it is also absorbed by the year fixed effects in columns (1) and (3). The other independent variables are as defined in Table I. The standard errors are double clustered by plan and year. Coefficients marked with ***, **, and * are significant at the 1%, 5%, and 10% level, respectively. The last rows of each panel report t-statistics and the F-test p-value with standard errors clustered by plan only: in Panel B, column (1), the two-way clustered variance of Conflicted + Interaction is not positive definite, and the standard adjustment for that case yields an artificially small standard error (p = 0.006); clustered by plan, p = 0.41.
B4: (1) | C4: (2) | D4: (3) | E4: (4) | F4: (5)
A5: Panel A. Peer-Adjusted Return | B5: Peer-adj. Ret (t)
A6: Conflicted CIO (0/1) | B6: =IF(Estimates!I4="","",TEXT(Estimates!E4,"0.000")&IF(Estimates!I4<0.01,"***",IF(Estimates!I4<0.05,"**",IF(Estimates!I4<0.1,"*","")))) -> -0.913*** | C6: =IF(Estimates!I5="","",TEXT(Estimates!E5,"0.000")&IF(Estimates!I5<0.01,"***",IF(Estimates!I5<0.05,"**",IF(Estimates!I5<0.1,"*","")))) -> -0.968*** | D6: =IF(Estimates!I6="","",TEXT(Estimates!E6,"0.000")&IF(Estimates!I6<0.01,"***",IF(Estimates!I6<0.05,"**",IF(Estimates!I6<0.1,"*","")))) -> -1.010*** | E6: =IF(Estimates!I7="","",TEXT(Estimates!E7,"0.000")&IF(Estimates!I7<0.01,"***",IF(Estimates!I7<0.05,"**",IF(Estimates!I7<0.1,"*","")))) -> -0.802*** | F6: =IF(Estimates!I8="","",TEXT(Estimates!E8,"0.000")&IF(Estimates!I8<0.01,"***",IF(Estimates!I8<0.05,"**",IF(Estimates!I8<0.1,"*","")))) -> -1.006***
B7: =IF(Estimates!H4="","","("&TEXT(Estimates!H4,"0.00")&")") -> (-4.34) | C7: =IF(Estimates!H5="","","("&TEXT(Estimates!H5,"0.00")&")") -> (-3.10) | D7: =IF(Estimates!H6="","","("&TEXT(Estimates!H6,"0.00")&")") -> (-3.14) | E7: =IF(Estimates!H7="","","("&TEXT(Estimates!H7,"0.00")&")") -> (-3.40) | F7: =IF(Estimates!H8="","","("&TEXT(Estimates!H8,"0.00")&")") -> (-2.99)
A8: Conflicted x Shock Period (0/1) | B8: =IF(Estimates!I9="","",TEXT(Estimates!E9,"0.000")&IF(Estimates!I9<0.01,"***",IF(Estimates!I9<0.05,"**",IF(Estimates!I9<0.1,"*","")))) -> 1.009** | C8: =IF(Estimates!I10="","",TEXT(Estimates!E10,"0.000")&IF(Estimates!I10<0.01,"***",IF(Estimates!I10<0.05,"**",IF(Estimates!I10<0.1,"*","")))) -> 0.891* | D8: =IF(Estimates!I11="","",TEXT(Estimates!E11,"0.000")&IF(Estimates!I11<0.01,"***",IF(Estimates!I11<0.05,"**",IF(Estimates!I11<0.1,"*","")))) -> 0.908* | E8: =IF(Estimates!I12="","",TEXT(Estimates!E12,"0.000")&IF(Estimates!I12<0.01,"***",IF(Estimates!I12<0.05,"**",IF(Estimates!I12<0.1,"*","")))) -> 0.915** | F8: =IF(Estimates!I13="","",TEXT(Estimates!E13,"0.000")&IF(Estimates!I13<0.01,"***",IF(Estimates!I13<0.05,"**",IF(Estimates!I13<0.1,"*","")))) -> 0.872*
B9: =IF(Estimates!H9="","","("&TEXT(Estimates!H9,"0.00")&")") -> (2.72) | C9: =IF(Estimates!H10="","","("&TEXT(Estimates!H10,"0.00")&")") -> (2.00) | D9: =IF(Estimates!H11="","","("&TEXT(Estimates!H11,"0.00")&")") -> (2.04) | E9: =IF(Estimates!H12="","","("&TEXT(Estimates!H12,"0.00")&")") -> (2.23) | F9: =IF(Estimates!H13="","","("&TEXT(Estimates!H13,"0.00")&")") -> (1.77)
A10: Shock Period (0/1) | B10: =IF(Estimates!I14="","",TEXT(Estimates!E14,"0.000")&IF(Estimates!I14<0.01,"***",IF(Estimates!I14<0.05,"**",IF(Estimates!I14<0.1,"*","")))) -> -0.077 | C10: =IF(Estimates!I15="","",TEXT(Estimates!E15,"0.000")&IF(Estimates!I15<0.01,"***",IF(Estimates!I15<0.05,"**",IF(Estimates!I15<0.1,"*","")))) -> -0.826*** | D10: =IF(Estimates!I16="","",TEXT(Estimates!E16,"0.000")&IF(Estimates!I16<0.01,"***",IF(Estimates!I16<0.05,"**",IF(Estimates!I16<0.1,"*","")))) -> -0.129 | E10: absorbed | F10: absorbed
B11: =IF(Estimates!H14="","","("&TEXT(Estimates!H14,"0.00")&")") -> (-0.49) | C11: =IF(Estimates!H15="","","("&TEXT(Estimates!H15,"0.00")&")") -> (-3.45) | D11: =IF(Estimates!H16="","","("&TEXT(Estimates!H16,"0.00")&")") -> (-0.61)
A13: Controls | B13: YES | C13: YES | D13: YES | E13: YES | F13: YES
A14: Plan FE | B14: NO | C14: YES | D14: YES | E14: NO | F14: YES
A15: Year FE | B15: YES | C15: NO | D15: YES | E15: NO | F15: NO
A16: Fiscal-Year-End FE | B16: NO | C16: NO | D16: NO | E16: YES | F16: YES
A17: Observations | B17: 1566 | C17: 1565 | D17: 1565 | E17: 1561 | F17: 1560
A18: Adj. R-squared | B18: 0.064297918 | C18: 0.095559801 | D18: 0.089925541 | E18: 0.07101547 | F18: 0.080886261
A19: Conflicted + Interaction | B19: =Estimates!E17 -> 0.09605053 | C19: =Estimates!E18 -> -0.077815598 | D19: =Estimates!E19 -> -0.10145422 | E19: =Estimates!E20 -> 0.1131295 | F19: =Estimates!E21 -> -0.13379245
A20: F-Test of Sum ≠ 0 (p-value) | B20: =Estimates!I17 -> 0.66519833 | C20: =Estimates!I18 -> 0.78283135 | D20: =Estimates!I19 -> 0.72373119 | E20: =Estimates!I20 -> 0.66225565 | F20: =Estimates!I21 -> 0.67849878
A21: t, Conflicted CIO (clustered by plan) | B21: =Estimates!H22 -> -4.7019246 | C21: =Estimates!H23 -> -4.144705 | D21: =Estimates!H24 -> -4.2227785 | E21: =Estimates!H25 -> -3.9840627 | F21: =Estimates!H26 -> -4.1326364
A22: t, Conflicted x Shock Period (clustered by plan) | B22: =Estimates!H27 -> 3.2747758 | C22: =Estimates!H28 -> 2.6184876 | D22: =Estimates!H29 -> 2.5624975 | E22: =Estimates!H30 -> 2.9491238 | F22: =Estimates!H31 -> 2.372296
A23: p, F-Test of Sum ≠ 0 (clustered by plan) | B23: =Estimates!I32 -> 0.65579697 | C23: =Estimates!I33 -> 0.7894193 | D23: =Estimates!I34 -> 0.73328346 | E23: =Estimates!I35 -> 0.60139462 | F23: =Estimates!I36 -> 0.66811367
A25: Panel B. Benchmark-Adjusted Return (updated benchmark) | B25: Bench-adj. Ret (t)
A26: Conflicted CIO (0/1) | B26: =IF(Estimates!I37="","",TEXT(Estimates!E37,"0.000")&IF(Estimates!I37<0.01,"***",IF(Estimates!I37<0.05,"**",IF(Estimates!I37<0.1,"*","")))) -> -0.563*** | C26: =IF(Estimates!I38="","",TEXT(Estimates!E38,"0.000")&IF(Estimates!I38<0.01,"***",IF(Estimates!I38<0.05,"**",IF(Estimates!I38<0.1,"*","")))) -> -0.363* | D26: =IF(Estimates!I39="","",TEXT(Estimates!E39,"0.000")&IF(Estimates!I39<0.01,"***",IF(Estimates!I39<0.05,"**",IF(Estimates!I39<0.1,"*","")))) -> -0.407* | E26: =IF(Estimates!I40="","",TEXT(Estimates!E40,"0.000")&IF(Estimates!I40<0.01,"***",IF(Estimates!I40<0.05,"**",IF(Estimates!I40<0.1,"*","")))) -> -0.616*** | F26: =IF(Estimates!I41="","",TEXT(Estimates!E41,"0.000")&IF(Estimates!I41<0.01,"***",IF(Estimates!I41<0.05,"**",IF(Estimates!I41<0.1,"*","")))) -> -0.475**
B27: =IF(Estimates!H37="","","("&TEXT(Estimates!H37,"0.00")&")") -> (-3.13) | C27: =IF(Estimates!H38="","","("&TEXT(Estimates!H38,"0.00")&")") -> (-1.96) | D27: =IF(Estimates!H39="","","("&TEXT(Estimates!H39,"0.00")&")") -> (-1.92) | E27: =IF(Estimates!H40="","","("&TEXT(Estimates!H40,"0.00")&")") -> (-3.63) | F27: =IF(Estimates!H41="","","("&TEXT(Estimates!H41,"0.00")&")") -> (-2.34)
A28: Conflicted x Shock Period (0/1) | B28: =IF(Estimates!I42="","",TEXT(Estimates!E42,"0.000")&IF(Estimates!I42<0.01,"***",IF(Estimates!I42<0.05,"**",IF(Estimates!I42<0.1,"*","")))) -> 0.425** | C28: =IF(Estimates!I43="","",TEXT(Estimates!E43,"0.000")&IF(Estimates!I43<0.01,"***",IF(Estimates!I43<0.05,"**",IF(Estimates!I43<0.1,"*","")))) -> 0.392 | D28: =IF(Estimates!I44="","",TEXT(Estimates!E44,"0.000")&IF(Estimates!I44<0.01,"***",IF(Estimates!I44<0.05,"**",IF(Estimates!I44<0.1,"*","")))) -> 0.315 | E28: =IF(Estimates!I45="","",TEXT(Estimates!E45,"0.000")&IF(Estimates!I45<0.01,"***",IF(Estimates!I45<0.05,"**",IF(Estimates!I45<0.1,"*","")))) -> 0.611*** | F28: =IF(Estimates!I46="","",TEXT(Estimates!E46,"0.000")&IF(Estimates!I46<0.01,"***",IF(Estimates!I46<0.05,"**",IF(Estimates!I46<0.1,"*","")))) -> 0.522
B29: =IF(Estimates!H42="","","("&TEXT(Estimates!H42,"0.00")&")") -> (2.69) | C29: =IF(Estimates!H43="","","("&TEXT(Estimates!H43,"0.00")&")") -> (1.10) | D29: =IF(Estimates!H44="","","("&TEXT(Estimates!H44,"0.00")&")") -> (1.02) | E29: =IF(Estimates!H45="","","("&TEXT(Estimates!H45,"0.00")&")") -> (3.61) | F29: =IF(Estimates!H46="","","("&TEXT(Estimates!H46,"0.00")&")") -> (1.72)
A30: Shock Period (0/1) | B30: absorbed | C30: =IF(Estimates!I47="","",TEXT(Estimates!E47,"0.000")&IF(Estimates!I47<0.01,"***",IF(Estimates!I47<0.05,"**",IF(Estimates!I47<0.1,"*","")))) -> -0.564 | D30: absorbed | E30: absorbed | F30: absorbed
C31: =IF(Estimates!H47="","","("&TEXT(Estimates!H47,"0.00")&")") -> (-1.17)
A33: Controls | B33: YES | C33: YES | D33: YES | E33: YES | F33: YES
A34: Plan FE | B34: NO | C34: YES | D34: YES | E34: NO | F34: YES
A35: Year FE | B35: YES | C35: NO | D35: YES | E35: NO | F35: NO
A36: Fiscal-Year-End FE | B36: NO | C36: NO | D36: NO | E36: YES | F36: YES
A37: Observations | B37: 1395 | C37: 1394 | D37: 1394 | E37: 1388 | F37: 1387
A38: Adj. R-squared | B38: 0.13673989 | C38: 0.03452514 | D38: 0.13387043 | E38: 0.17233733 | F38: 0.16921922
A39: Conflicted + Interaction | B39: =Estimates!E48 -> -0.13828392 | C39: =Estimates!E49 -> 0.029359121 | D39: =Estimates!E50 -> -0.092351149 | E39: =Estimates!E51 -> -0.0048753841 | F39: =Estimates!E52 -> 0.046508388
A40: F-Test of Sum ≠ 0 (p-value) | B40: =Estimates!I48 -> 0.0064319369 | C40: =Estimates!I49 -> 0.89417254 | D40: =Estimates!I50 -> 0.62919663 | E40: =Estimates!I51 -> 0.94743506 | F40: =Estimates!I52 -> 0.7871999
A41: t, Conflicted CIO (clustered by plan) | B41: =Estimates!H53 -> -3.6555093 | C41: =Estimates!H54 -> -2.0243539 | D41: =Estimates!H55 -> -2.177724 | E41: =Estimates!H56 -> -3.8114731 | F41: =Estimates!H57 -> -2.4644467
A42: t, Conflicted x Shock Period (clustered by plan) | B42: =Estimates!H58 -> 2.0666927 | C42: =Estimates!H59 -> 1.5850786 | D42: =Estimates!H60 -> 1.3588582 | E42: =Estimates!H61 -> 2.6114053 | F42: =Estimates!H62 -> 2.1909921
A43: p, F-Test of Sum ≠ 0 (clustered by plan) | B43: =Estimates!I63 -> 0.4063459 | C43: =Estimates!I64 -> 0.89133308 | D43: =Estimates!I65 -> 0.65481303 | E43: =Estimates!I66 -> 0.97798881 | F43: =Estimates!I67 -> 0.82399498
A45: Coefficients and observations match reghdfe; two-way clustered t-statistics and p-values can differ slightly (Panel A reproduces the published t-statistics to within 0.05). Use the attached Stata code for the exact figures.

Sheet Estimates
A1: Estimates behind the table. Blue = regression output (coefficient, SE, minimum cluster count). t and p are formulas; p uses the t distribution with (clusters - 1) df.
A3: Panel | B3: Dependent variable | C3: Column | D3: Term | E3: Coefficient | F3: SE | G3: Clusters (min) | H3: t | I3: p
A4: A | B4: peer_adj_ret100 | C4: (1) | D4: Conflicted CIO (0/1) | E4: -0.91275812 | F4: 0.21024074 | G4: 19 | H4: =IF(F4>0,E4/F4,"") -> -4.3414902 | I4: =IF(H4="","",TDIST(ABS(H4),G4-1,2)) -> 0.00039322856
A5: A | B5: peer_adj_ret100 | C5: (2) | D5: Conflicted CIO (0/1) | E5: -0.9684688 | F5: 0.3122302 | G5: 19 | H5: =IF(F5>0,E5/F5,"") -> -3.1017781 | I5: =IF(H5="","",TDIST(ABS(H5),G5-1,2)) -> 0.0061553312
A6: A | B6: peer_adj_ret100 | C6: (3) | D6: Conflicted CIO (0/1) | E6: -1.0095041 | F6: 0.32178629 | G6: 19 | H6: =IF(F6>0,E6/F6,"") -> -3.1371879 | I6: =IF(H6="","",TDIST(ABS(H6),G6-1,2)) -> 0.0056961074
A7: A | B7: peer_adj_ret100 | C7: (4) | D7: Conflicted CIO (0/1) | E7: -0.80191742 | F7: 0.23594991 | G7: 19 | H7: =IF(F7>0,E7/F7,"") -> -3.3986766 | I7: =IF(H7="","",TDIST(ABS(H7),G7-1,2)) -> 0.0032008769
A8: A | B8: peer_adj_ret100 | C8: (5) | D8: Conflicted CIO (0/1) | E8: -1.0060921 | F8: 0.33631537 | G8: 19 | H8: =IF(F8>0,E8/F8,"") -> -2.991514 | I8: =IF(H8="","",TDIST(ABS(H8),G8-1,2)) -> 0.007828513
A9: A | B9: peer_adj_ret100 | C9: (1) | D9: Conflicted x Shock Period (0/1) | E9: 1.0088087 | F9: 0.37103925 | G9: 19 | H9: =IF(F9>0,E9/F9,"") -> 2.7188731 | I9: =IF(H9="","",TDIST(ABS(H9),G9-1,2)) -> 0.014075514
A10: A | B10: peer_adj_ret100 | C10: (2) | D10: Conflicted x Shock Period (0/1) | E10: 0.8906532 | F10: 0.44459115 | G10: 19 | H10: =IF(F10>0,E10/F10,"") -> 2.0033084 | I10: =IF(H10="","",TDIST(ABS(H10),G10-1,2)) -> 0.060435661
A11: A | B11: peer_adj_ret100 | C11: (3) | D11: Conflicted x Shock Period (0/1) | E11: 0.90804984 | F11: 0.44616148 | G11: 19 | H11: =IF(F11>0,E11/F11,"") -> 2.0352493 | I11: =IF(H11="","",TDIST(ABS(H11),G11-1,2)) -> 0.056822637
A12: A | B12: peer_adj_ret100 | C12: (4) | D12: Conflicted x Shock Period (0/1) | E12: 0.91504692 | F12: 0.41080366 | G12: 19 | H12: =IF(F12>0,E12/F12,"") -> 2.2274556 | I12: =IF(H12="","",TDIST(ABS(H12),G12-1,2)) -> 0.038915139
A13: A | B13: peer_adj_ret100 | C13: (5) | D13: Conflicted x Shock Period (0/1) | E13: 0.87229969 | F13: 0.49345302 | G13: 19 | H13: =IF(F13>0,E13/F13,"") -> 1.7677462 | I13: =IF(H13="","",TDIST(ABS(H13),G13-1,2)) -> 0.094050523
A14: A | B14: peer_adj_ret100 | C14: (1) | D14: Shock Period (0/1) | E14: -0.077448343 | F14: 0.15837455 | G14: 19 | H14: =IF(F14>0,E14/F14,"") -> -0.48902012 | I14: =IF(H14="","",TDIST(ABS(H14),G14-1,2)) -> 0.6307328
A15: A | B15: peer_adj_ret100 | C15: (2) | D15: Shock Period (0/1) | E15: -0.82558387 | F15: 0.23899447 | G15: 19 | H15: =IF(F15>0,E15/F15,"") -> -3.4544058 | I15: =IF(H15="","",TDIST(ABS(H15),G15-1,2)) -> 0.0028289641
... A67: B (plan-clustered) | B67: b_AB | C67: (5) | D67: p, F-Test of Sum ≠ 0 (clustered by plan) | E67: 0.046508388 | F67: 0.2086693 | G67: 125 | H67: =IF(F67>0,E67/F67,"") -> 0.22288084 | I67: =IF(H67="","",TDIST(ABS(H67),G67-1,2)) -> 0.82399498
