Workbook

Sheet Interactions
A1: Table: Conflicted CIOs and Cross-Sectional Characteristics, Interaction Specification
A2: This table re-estimates the Table III regression with all control variables and fiscal-year-end date fixed effects, adding a cross-sectional characteristic X and its interaction with Conflicted CIO. Each column uses a different X: Underpaid equals 1 if the CIO is underpaid relative to the size of the plan; Young CIO equals 1 for CIOs who are 46 years old or younger; Prior Private Exp. equals 1 for CIOs with prior private firm experience; Financial Center equals 1 for plans headquartered in financial centers; High Discount Rate equals 1 if the plan's discount rate is above 8%; High Funding equals 1 for plans with a funding ratio of at least 92%. Young CIO and High Funding are missing when CIO age or the funding ratio is missing. The control variables are those of Table III and have the same coefficients for both groups. Conflicted CIO is the effect of conflict when X = 0, Conflicted CIO x X is the difference between the two groups, and the italic row reports the effect when X = 1. Panel A uses Peer-Adjusted Return. Panel B uses Benchmark-Adjusted Return computed as the plan's return minus the updated policy benchmark (the benchmark return reported in the plan's financial report or, where none is stated, an inferred value graded A or B). Fiscal-year-end date fixed effects compare plans only with plans whose fiscal year covers the same twelve months. The standard errors are double clustered by plan and year. Coefficients marked with ***, **, and * are significant at the 1%, 5%, and 10% level, respectively.
A4: Panel A. Peer-Adjusted Returns
B5: X = Underpaid | C5: X = Young CIO | D5: X = Prior Private Exp. | E5: X = Financial Center | F5: X = High Discount Rate | G5: X = High Funding
B6: Peer-adj. Ret. (t) | C6: Peer-adj. Ret. (t) | D6: Peer-adj. Ret. (t) | E6: Peer-adj. Ret. (t) | F6: Peer-adj. Ret. (t) | G6: Peer-adj. Ret. (t)
A7: Conflicted CIO (0/1) | B7: =IF(Estimates!H4="","",TEXT(Estimates!D4,"0.000")&IF(Estimates!H4<0.01,"***",IF(Estimates!H4<0.05,"**",IF(Estimates!H4<0.1,"*","")))) -> -0.314 | C7: =IF(Estimates!H5="","",TEXT(Estimates!D5,"0.000")&IF(Estimates!H5<0.01,"***",IF(Estimates!H5<0.05,"**",IF(Estimates!H5<0.1,"*","")))) -> -0.221 | D7: =IF(Estimates!H6="","",TEXT(Estimates!D6,"0.000")&IF(Estimates!H6<0.01,"***",IF(Estimates!H6<0.05,"**",IF(Estimates!H6<0.1,"*","")))) -> -0.690** | E7: =IF(Estimates!H7="","",TEXT(Estimates!D7,"0.000")&IF(Estimates!H7<0.01,"***",IF(Estimates!H7<0.05,"**",IF(Estimates!H7<0.1,"*","")))) -> -0.623** | F7: =IF(Estimates!H8="","",TEXT(Estimates!D8,"0.000")&IF(Estimates!H8<0.01,"***",IF(Estimates!H8<0.05,"**",IF(Estimates!H8<0.1,"*","")))) -> -0.339* | G7: =IF(Estimates!H9="","",TEXT(Estimates!D9,"0.000")&IF(Estimates!H9<0.01,"***",IF(Estimates!H9<0.05,"**",IF(Estimates!H9<0.1,"*","")))) -> -0.379*
B8: =IF(Estimates!G4="","","("&TEXT(Estimates!G4,"0.00")&")") -> (-1.13) | C8: =IF(Estimates!G5="","","("&TEXT(Estimates!G5,"0.00")&")") -> (-1.14) | D8: =IF(Estimates!G6="","","("&TEXT(Estimates!G6,"0.00")&")") -> (-2.86) | E8: =IF(Estimates!G7="","","("&TEXT(Estimates!G7,"0.00")&")") -> (-2.78) | F8: =IF(Estimates!G8="","","("&TEXT(Estimates!G8,"0.00")&")") -> (-1.75) | G8: =IF(Estimates!G9="","","("&TEXT(Estimates!G9,"0.00")&")") -> (-2.06)
A9: Conflicted CIO x X | B9: =IF(Estimates!H10="","",TEXT(Estimates!D10,"0.000")&IF(Estimates!H10<0.01,"***",IF(Estimates!H10<0.05,"**",IF(Estimates!H10<0.1,"*","")))) -> -0.332 | C9: =IF(Estimates!H11="","",TEXT(Estimates!D11,"0.000")&IF(Estimates!H11<0.01,"***",IF(Estimates!H11<0.05,"**",IF(Estimates!H11<0.1,"*","")))) -> -0.623 | D9: =IF(Estimates!H12="","",TEXT(Estimates!D12,"0.000")&IF(Estimates!H12<0.01,"***",IF(Estimates!H12<0.05,"**",IF(Estimates!H12<0.1,"*","")))) -> 0.385 | E9: =IF(Estimates!H13="","",TEXT(Estimates!D13,"0.000")&IF(Estimates!H13<0.01,"***",IF(Estimates!H13<0.05,"**",IF(Estimates!H13<0.1,"*","")))) -> 0.622* | F9: =IF(Estimates!H14="","",TEXT(Estimates!D14,"0.000")&IF(Estimates!H14<0.01,"***",IF(Estimates!H14<0.05,"**",IF(Estimates!H14<0.1,"*","")))) -> -0.975** | G9: =IF(Estimates!H15="","",TEXT(Estimates!D15,"0.000")&IF(Estimates!H15<0.01,"***",IF(Estimates!H15<0.05,"**",IF(Estimates!H15<0.1,"*","")))) -> -0.902***
B10: =IF(Estimates!G10="","","("&TEXT(Estimates!G10,"0.00")&")") -> (-1.17) | C10: =IF(Estimates!G11="","","("&TEXT(Estimates!G11,"0.00")&")") -> (-1.39) | D10: =IF(Estimates!G12="","","("&TEXT(Estimates!G12,"0.00")&")") -> (1.44) | E10: =IF(Estimates!G13="","","("&TEXT(Estimates!G13,"0.00")&")") -> (2.01) | F10: =IF(Estimates!G14="","","("&TEXT(Estimates!G14,"0.00")&")") -> (-2.42) | G10: =IF(Estimates!G15="","","("&TEXT(Estimates!G15,"0.00")&")") -> (-4.60)
A11: X (0/1) | B11: =IF(Estimates!H16="","",TEXT(Estimates!D16,"0.000")&IF(Estimates!H16<0.01,"***",IF(Estimates!H16<0.05,"**",IF(Estimates!H16<0.1,"*","")))) -> 0.096 | C11: =IF(Estimates!H17="","",TEXT(Estimates!D17,"0.000")&IF(Estimates!H17<0.01,"***",IF(Estimates!H17<0.05,"**",IF(Estimates!H17<0.1,"*","")))) -> 0.222 | D11: =IF(Estimates!H18="","",TEXT(Estimates!D18,"0.000")&IF(Estimates!H18<0.01,"***",IF(Estimates!H18<0.05,"**",IF(Estimates!H18<0.1,"*","")))) -> -0.067 | E11: =IF(Estimates!H19="","",TEXT(Estimates!D19,"0.000")&IF(Estimates!H19<0.01,"***",IF(Estimates!H19<0.05,"**",IF(Estimates!H19<0.1,"*","")))) -> -0.061 | F11: =IF(Estimates!H20="","",TEXT(Estimates!D20,"0.000")&IF(Estimates!H20<0.01,"***",IF(Estimates!H20<0.05,"**",IF(Estimates!H20<0.1,"*","")))) -> 0.543* | G11: =IF(Estimates!H21="","",TEXT(Estimates!D21,"0.000")&IF(Estimates!H21<0.01,"***",IF(Estimates!H21<0.05,"**",IF(Estimates!H21<0.1,"*","")))) -> 0.191
B12: =IF(Estimates!G16="","","("&TEXT(Estimates!G16,"0.00")&")") -> (0.54) | C12: =IF(Estimates!G17="","","("&TEXT(Estimates!G17,"0.00")&")") -> (0.72) | D12: =IF(Estimates!G18="","","("&TEXT(Estimates!G18,"0.00")&")") -> (-0.42) | E12: =IF(Estimates!G19="","","("&TEXT(Estimates!G19,"0.00")&")") -> (-0.36) | F12: =IF(Estimates!G20="","","("&TEXT(Estimates!G20,"0.00")&")") -> (1.88) | G12: =IF(Estimates!G21="","","("&TEXT(Estimates!G21,"0.00")&")") -> (0.92)
A14: Conflicted CIO effect when X = 1 | B14: =IF(Estimates!H22="","",TEXT(Estimates!D22,"0.000")&IF(Estimates!H22<0.01,"***",IF(Estimates!H22<0.05,"**",IF(Estimates!H22<0.1,"*","")))) -> -0.646*** | C14: =IF(Estimates!H23="","",TEXT(Estimates!D23,"0.000")&IF(Estimates!H23<0.01,"***",IF(Estimates!H23<0.05,"**",IF(Estimates!H23<0.1,"*","")))) -> -0.844** | D14: =IF(Estimates!H24="","",TEXT(Estimates!D24,"0.000")&IF(Estimates!H24<0.01,"***",IF(Estimates!H24<0.05,"**",IF(Estimates!H24<0.1,"*","")))) -> -0.305 | E14: =IF(Estimates!H25="","",TEXT(Estimates!D25,"0.000")&IF(Estimates!H25<0.01,"***",IF(Estimates!H25<0.05,"**",IF(Estimates!H25<0.1,"*","")))) -> -0.002 | F14: =IF(Estimates!H26="","",TEXT(Estimates!D26,"0.000")&IF(Estimates!H26<0.01,"***",IF(Estimates!H26<0.05,"**",IF(Estimates!H26<0.1,"*","")))) -> -1.314*** | G14: =IF(Estimates!H27="","",TEXT(Estimates!D27,"0.000")&IF(Estimates!H27<0.01,"***",IF(Estimates!H27<0.05,"**",IF(Estimates!H27<0.1,"*","")))) -> -1.281***
B15: =IF(Estimates!G22="","","("&TEXT(Estimates!G22,"0.00")&")") -> (-3.29) | C15: =IF(Estimates!G23="","","("&TEXT(Estimates!G23,"0.00")&")") -> (-2.22) | D15: =IF(Estimates!G24="","","("&TEXT(Estimates!G24,"0.00")&")") -> (-1.48) | E15: =IF(Estimates!G25="","","("&TEXT(Estimates!G25,"0.00")&")") -> (-0.01) | F15: =IF(Estimates!G26="","","("&TEXT(Estimates!G26,"0.00")&")") -> (-3.69) | G15: =IF(Estimates!G27="","","("&TEXT(Estimates!G27,"0.00")&")") -> (-4.86)
A17: Observations | B17: 1407 | C17: 1475 | D17: 1478 | E17: 1478 | F17: 1463 | G17: 1478
A18: Adjusted R-squared | B18: 0.077799895 | C18: 0.072446291 | D18: 0.071173367 | E18: 0.071911677 | F18: 0.076491172 | G18: 0.073037251
A19: Table III Controls | B19: Yes | C19: Yes | D19: Yes | E19: Yes | F19: Yes | G19: Yes
A20: Fiscal-Year-End FE | B20: Yes | C20: Yes | D20: Yes | E20: Yes | F20: Yes | G20: Yes
A23: Panel B. Benchmark-Adjusted Returns (updated benchmark)
B24: X = Underpaid | C24: X = Young CIO | D24: X = Prior Private Exp. | E24: X = Financial Center | F24: X = High Discount Rate | G24: X = High Funding
B25: Bench-adj. Ret. (t) | C25: Bench-adj. Ret. (t) | D25: Bench-adj. Ret. (t) | E25: Bench-adj. Ret. (t) | F25: Bench-adj. Ret. (t) | G25: Bench-adj. Ret. (t)
A26: Conflicted CIO (0/1) | B26: =IF(Estimates!H28="","",TEXT(Estimates!D28,"0.000")&IF(Estimates!H28<0.01,"***",IF(Estimates!H28<0.05,"**",IF(Estimates!H28<0.1,"*","")))) -> -0.236 | C26: =IF(Estimates!H29="","",TEXT(Estimates!D29,"0.000")&IF(Estimates!H29<0.01,"***",IF(Estimates!H29<0.05,"**",IF(Estimates!H29<0.1,"*","")))) -> -0.274* | D26: =IF(Estimates!H30="","",TEXT(Estimates!D30,"0.000")&IF(Estimates!H30<0.01,"***",IF(Estimates!H30<0.05,"**",IF(Estimates!H30<0.1,"*","")))) -> -0.507** | E26: =IF(Estimates!H31="","",TEXT(Estimates!D31,"0.000")&IF(Estimates!H31<0.01,"***",IF(Estimates!H31<0.05,"**",IF(Estimates!H31<0.1,"*","")))) -> -0.475*** | F26: =IF(Estimates!H32="","",TEXT(Estimates!D32,"0.000")&IF(Estimates!H32<0.01,"***",IF(Estimates!H32<0.05,"**",IF(Estimates!H32<0.1,"*","")))) -> -0.268* | G26: =IF(Estimates!H33="","",TEXT(Estimates!D33,"0.000")&IF(Estimates!H33<0.01,"***",IF(Estimates!H33<0.05,"**",IF(Estimates!H33<0.1,"*","")))) -> -0.360**
B27: =IF(Estimates!G28="","","("&TEXT(Estimates!G28,"0.00")&")") -> (-1.09) | C27: =IF(Estimates!G29="","","("&TEXT(Estimates!G29,"0.00")&")") -> (-1.87) | D27: =IF(Estimates!G30="","","("&TEXT(Estimates!G30,"0.00")&")") -> (-2.35) | E27: =IF(Estimates!G31="","","("&TEXT(Estimates!G31,"0.00")&")") -> (-3.44) | F27: =IF(Estimates!G32="","","("&TEXT(Estimates!G32,"0.00")&")") -> (-1.75) | G27: =IF(Estimates!G33="","","("&TEXT(Estimates!G33,"0.00")&")") -> (-2.80)
A28: Conflicted CIO x X | B28: =IF(Estimates!H34="","",TEXT(Estimates!D34,"0.000")&IF(Estimates!H34<0.01,"***",IF(Estimates!H34<0.05,"**",IF(Estimates!H34<0.1,"*","")))) -> -0.358 | C28: =IF(Estimates!H35="","",TEXT(Estimates!D35,"0.000")&IF(Estimates!H35<0.01,"***",IF(Estimates!H35<0.05,"**",IF(Estimates!H35<0.1,"*","")))) -> -0.425** | D28: =IF(Estimates!H36="","",TEXT(Estimates!D36,"0.000")&IF(Estimates!H36<0.01,"***",IF(Estimates!H36<0.05,"**",IF(Estimates!H36<0.1,"*","")))) -> 0.101 | E28: =IF(Estimates!H37="","",TEXT(Estimates!D37,"0.000")&IF(Estimates!H37<0.01,"***",IF(Estimates!H37<0.05,"**",IF(Estimates!H37<0.1,"*","")))) -> 0.101 | F28: =IF(Estimates!H38="","",TEXT(Estimates!D38,"0.000")&IF(Estimates!H38<0.01,"***",IF(Estimates!H38<0.05,"**",IF(Estimates!H38<0.1,"*","")))) -> -0.925*** | G28: =IF(Estimates!H39="","",TEXT(Estimates!D39,"0.000")&IF(Estimates!H39<0.01,"***",IF(Estimates!H39<0.05,"**",IF(Estimates!H39<0.1,"*","")))) -> -0.876*
B29: =IF(Estimates!G34="","","("&TEXT(Estimates!G34,"0.00")&")") -> (-1.39) | C29: =IF(Estimates!G35="","","("&TEXT(Estimates!G35,"0.00")&")") -> (-2.45) | D29: =IF(Estimates!G36="","","("&TEXT(Estimates!G36,"0.00")&")") -> (0.34) | E29: =IF(Estimates!G37="","","("&TEXT(Estimates!G37,"0.00")&")") -> (0.40) | F29: =IF(Estimates!G38="","","("&TEXT(Estimates!G38,"0.00")&")") -> (-3.53) | G29: =IF(Estimates!G39="","","("&TEXT(Estimates!G39,"0.00")&")") -> (-2.07)
A30: X (0/1) | B30: =IF(Estimates!H40="","",TEXT(Estimates!D40,"0.000")&IF(Estimates!H40<0.01,"***",IF(Estimates!H40<0.05,"**",IF(Estimates!H40<0.1,"*","")))) -> 0.226 | C30: =IF(Estimates!H41="","",TEXT(Estimates!D41,"0.000")&IF(Estimates!H41<0.01,"***",IF(Estimates!H41<0.05,"**",IF(Estimates!H41<0.1,"*","")))) -> 0.151 | D30: =IF(Estimates!H42="","",TEXT(Estimates!D42,"0.000")&IF(Estimates!H42<0.01,"***",IF(Estimates!H42<0.05,"**",IF(Estimates!H42<0.1,"*","")))) -> 0.059 | E30: =IF(Estimates!H43="","",TEXT(Estimates!D43,"0.000")&IF(Estimates!H43<0.01,"***",IF(Estimates!H43<0.05,"**",IF(Estimates!H43<0.1,"*","")))) -> -0.216 | F30: =IF(Estimates!H44="","",TEXT(Estimates!D44,"0.000")&IF(Estimates!H44<0.01,"***",IF(Estimates!H44<0.05,"**",IF(Estimates!H44<0.1,"*","")))) -> 0.463** | G30: =IF(Estimates!H45="","",TEXT(Estimates!D45,"0.000")&IF(Estimates!H45<0.01,"***",IF(Estimates!H45<0.05,"**",IF(Estimates!H45<0.1,"*","")))) -> -0.085
B31: =IF(Estimates!G40="","","("&TEXT(Estimates!G40,"0.00")&")") -> (1.14) | C31: =IF(Estimates!G41="","","("&TEXT(Estimates!G41,"0.00")&")") -> (0.73) | D31: =IF(Estimates!G42="","","("&TEXT(Estimates!G42,"0.00")&")") -> (0.67) | E31: =IF(Estimates!G43="","","("&TEXT(Estimates!G43,"0.00")&")") -> (-1.50) | F31: =IF(Estimates!G44="","","("&TEXT(Estimates!G44,"0.00")&")") -> (2.12) | G31: =IF(Estimates!G45="","","("&TEXT(Estimates!G45,"0.00")&")") -> (-0.55)
A33: Conflicted CIO effect when X = 1 | B33: =IF(Estimates!H46="","",TEXT(Estimates!D46,"0.000")&IF(Estimates!H46<0.01,"***",IF(Estimates!H46<0.05,"**",IF(Estimates!H46<0.1,"*","")))) -> -0.594*** | C33: =IF(Estimates!H47="","",TEXT(Estimates!D47,"0.000")&IF(Estimates!H47<0.01,"***",IF(Estimates!H47<0.05,"**",IF(Estimates!H47<0.1,"*","")))) -> -0.699*** | D33: =IF(Estimates!H48="","",TEXT(Estimates!D48,"0.000")&IF(Estimates!H48<0.01,"***",IF(Estimates!H48<0.05,"**",IF(Estimates!H48<0.1,"*","")))) -> -0.406** | E33: =IF(Estimates!H49="","",TEXT(Estimates!D49,"0.000")&IF(Estimates!H49<0.01,"***",IF(Estimates!H49<0.05,"**",IF(Estimates!H49<0.1,"*","")))) -> -0.374 | F33: =IF(Estimates!H50="","",TEXT(Estimates!D50,"0.000")&IF(Estimates!H50<0.01,"***",IF(Estimates!H50<0.05,"**",IF(Estimates!H50<0.1,"*","")))) -> -1.193*** | G33: =IF(Estimates!H51="","",TEXT(Estimates!D51,"0.000")&IF(Estimates!H51<0.01,"***",IF(Estimates!H51<0.05,"**",IF(Estimates!H51<0.1,"*","")))) -> -1.236***
B34: =IF(Estimates!G46="","","("&TEXT(Estimates!G46,"0.00")&")") -> (-3.82) | C34: =IF(Estimates!G47="","","("&TEXT(Estimates!G47,"0.00")&")") -> (-4.15) | D34: =IF(Estimates!G48="","","("&TEXT(Estimates!G48,"0.00")&")") -> (-2.34) | E34: =IF(Estimates!G49="","","("&TEXT(Estimates!G49,"0.00")&")") -> (-1.51) | F34: =IF(Estimates!G50="","","("&TEXT(Estimates!G50,"0.00")&")") -> (-6.86) | G34: =IF(Estimates!G51="","","("&TEXT(Estimates!G51,"0.00")&")") -> (-3.22)
A36: Observations | B36: 1244 | C36: 1310 | D36: 1313 | E36: 1313 | F36: 1300 | G36: 1313
A37: Adjusted R-squared | B37: 0.16449675 | C37: 0.16716183 | D37: 0.16697854 | E37: 0.16695182 | F37: 0.17147888 | G37: 0.16983603
A38: Table III Controls | B38: Yes | C38: Yes | D38: Yes | E38: Yes | F38: Yes | G38: Yes
A39: Fiscal-Year-End FE | B39: Yes | C39: Yes | D39: Yes | E39: Yes | F39: Yes | G39: Yes
A42: Coefficients and observations will match reghdfe exactly; t-statistics can differ somewhat. Use the attached Stata code for the exact figures.

Sheet Estimates
A1: Estimates behind the table. Blue = regression output (coefficient, SE, minimum cluster count). t and p are formulas; p uses the t distribution with (min clusters - 1) df. SE double clustered by plan and fiscal year, with the eigenvalue fix.
A3: Variable | B3: Dependent variable | C3: Term | D3: Coefficient | E3: SE | F3: Clusters (min) | G3: t | H3: p
A4: Underpaid | B4: peer_adj_ret100 | C4: Conflicted CIO (0/1) | D4: -0.31370053 | E4: 0.27783414 | F4: 19 | G4: =IF(AND(ISNUMBER(D4),E4>0),D4/E4,"") -> -1.1290928 | H4: =IF(G4="","",TDIST(ABS(G4),F4-1,2)) -> 0.27368228
A5: Young CIO | B5: peer_adj_ret100 | C5: Conflicted CIO (0/1) | D5: -0.22106548 | E5: 0.1944421 | F5: 19 | G5: =IF(AND(ISNUMBER(D5),E5>0),D5/E5,"") -> -1.1369219 | H5: =IF(G5="","",TDIST(ABS(G5),F5-1,2)) -> 0.27048042
A6: Prior Private Exp. | B6: peer_adj_ret100 | C6: Conflicted CIO (0/1) | D6: -0.69018099 | E6: 0.2413435 | F6: 19 | G6: =IF(AND(ISNUMBER(D6),E6>0),D6/E6,"") -> -2.8597455 | H6: =IF(G6="","",TDIST(ABS(G6),F6-1,2)) -> 0.010411055
A7: Financial Center | B7: peer_adj_ret100 | C7: Conflicted CIO (0/1) | D7: -0.62326381 | E7: 0.22410249 | F7: 19 | G7: =IF(AND(ISNUMBER(D7),E7>0),D7/E7,"") -> -2.7811552 | H7: =IF(G7="","",TDIST(ABS(G7),F7-1,2)) -> 0.012324092
A8: High Discount Rate | B8: peer_adj_ret100 | C8: Conflicted CIO (0/1) | D8: -0.33891813 | E8: 0.19420511 | F8: 19 | G8: =IF(AND(ISNUMBER(D8),E8>0),D8/E8,"") -> -1.7451556 | H8: =IF(G8="","",TDIST(ABS(G8),F8-1,2)) -> 0.098005757
A9: High Funding | B9: peer_adj_ret100 | C9: Conflicted CIO (0/1) | D9: -0.37889898 | E9: 0.18412672 | F9: 19 | G9: =IF(AND(ISNUMBER(D9),E9>0),D9/E9,"") -> -2.0578164 | H9: =IF(G9="","",TDIST(ABS(G9),F9-1,2)) -> 0.054388633
A10: Underpaid | B10: peer_adj_ret100 | C10: Conflicted CIO x X | D10: -0.33219018 | E10: 0.28460586 | F10: 19 | G10: =IF(AND(ISNUMBER(D10),E10>0),D10/E10,"") -> -1.1671938 | H10: =IF(G10="","",TDIST(ABS(G10),F10-1,2)) -> 0.25836234
A11: Young CIO | B11: peer_adj_ret100 | C11: Conflicted CIO x X | D11: -0.62290676 | E11: 0.44768119 | F11: 19 | G11: =IF(AND(ISNUMBER(D11),E11>0),D11/E11,"") -> -1.3914071 | H11: =IF(G11="","",TDIST(ABS(G11),F11-1,2)) -> 0.18106103
A12: Prior Private Exp. | B12: peer_adj_ret100 | C12: Conflicted CIO x X | D12: 0.38473789 | E12: 0.26810787 | F12: 19 | G12: =IF(AND(ISNUMBER(D12),E12>0),D12/E12,"") -> 1.4350116 | H12: =IF(G12="","",TDIST(ABS(G12),F12-1,2)) -> 0.16843205
A13: Financial Center | B13: peer_adj_ret100 | C13: Conflicted CIO x X | D13: 0.62163715 | E13: 0.30865765 | F13: 19 | G13: =IF(AND(ISNUMBER(D13),E13>0),D13/E13,"") -> 2.0140021 | H13: =IF(G13="","",TDIST(ABS(G13),F13-1,2)) -> 0.059203655
A14: High Discount Rate | B14: peer_adj_ret100 | C14: Conflicted CIO x X | D14: -0.97522975 | E14: 0.40245285 | F14: 19 | G14: =IF(AND(ISNUMBER(D14),E14>0),D14/E14,"") -> -2.4232149 | H14: =IF(G14="","",TDIST(ABS(G14),F14-1,2)) -> 0.026148747
A15: High Funding | B15: peer_adj_ret100 | C15: Conflicted CIO x X | D15: -0.90165188 | E15: 0.19610308 | F15: 19 | G15: =IF(AND(ISNUMBER(D15),E15>0),D15/E15,"") -> -4.5978467 | H15: =IF(G15="","",TDIST(ABS(G15),F15-1,2)) -> 0.00022330364
... A51: High Funding | B51: b_AB | C51: Conflicted CIO effect when X = 1 | D51: -1.2364293 | E51: 0.38408205 | F51: 19 | G51: =IF(AND(ISNUMBER(D51),E51>0),D51/E51,"") -> -3.2191801 | H51: =IF(G51="","",TDIST(ABS(G51),F51-1,2)) -> 0.0047575176
